time,gyro_roll,inter_time,inter_gyro_roll
0,180.13,0,1.54E+02
0.02,56.17,0.01,1.40E+02
0.12,-130.05,0.02,1.27E+02
0.22,-28.31,0.03,1.16E+02
0.26,-28.31,0.04,1.07E+02
0.32,129.04,0.05,98.94019204
0.42,265.76,0.06,92.71674074
0.43,265.76,0.07,88.20094376
0.43,265.76,0.08,85.44972291
0.52,138.93,0.09,84.52
0.58,138.93,0.1,84.52
0.62,-24.46,0.11,83.10710562
0.72,-105.27,0.12,79.3205487
0.82,-51.56,0.13,73.83851852
0.9,-51.56,0.14,67.33920439
0.92,22.54,0.15,60.50079561
1.02,115.86,0.16,54.00148148
1.12,78.2,0.17,48.5194513
1.22,-17.81,0.18,44.73289438
1.22,-17.81,0.19,43.32
1.32,-168.08,0.2,43.32
1.42,-65.29,0.21,43.32
1.43,-65.29,0.22,43.32
1.43,-65.29,0.23,43.32
1.52,254.04,0.24,43.32
1.54,254.04,0.25,43.32
1.62,326.37,0.26,43.32
1.72,-41.37,0.27,43.32
1.82,-221.91,0.28,17.37393754
1.86,-221.91,0.29,-21.19
1.92,-3.53,0.3,-46.89635763
2.02,208.27,0.31,-73.04896021
2.12,253.31,0.32,-98.90535274
2.18,253.31,0.33,-1.24E+02
2.22,144,0.34,-1.47E+02
2.32,590.96,0.35,-1.67E+02
2.42,1463.64,0.36,-1.85E+02
2.43,1463.64,0.37,-1.98E+02
2.43,1463.64,0.38,-2.06E+02
2.5,1463.64,0.39,-2.09E+02
2.52,1376.24,0.4,-2.09E+02
2.62,1288.59,0.41,-2.09E+02
2.72,976.76,0.42,-2.09E+02
2.82,1022.6,0.43,-2.09E+02
2.82,1022.6,0.44,-2.08E+02
2.92,967.18,0.45,-2.07E+02
3.02,839.06,0.46,-2.06E+02
3.12,804.58,0.47,-2.04E+02
3.14,804.58,0.48,-2.02E+02
3.22,691.48,0.49,-2.00E+02
3.32,363.6,0.5,-1.98E+02
3.42,79.91,0.51,-1.94E+02
3.43,79.91,0.52,-1.90E+02
3.43,79.91,0.53,-1.84E+02
3.46,79.91,0.54,-1.79E+02
3.52,63.19,0.55,-1.73E+02
3.62,104.69,0.56,-1.68E+02
3.72,62.7,0.57,-1.63E+02
3.78,62.7,0.58,-1.58E+02
3.82,29.43,0.59,-1.54E+02
3.92,-35.94,0.6,-1.50E+02
4.02,-88.43,0.61,-1.46E+02
4.1,-88.43,0.62,-1.42E+02
4.12,-132.8,0.63,-1.38E+02
4.22,-111.19,0.64,-1.34E+02
4.32,-91.54,0.65,-1.31E+02
4.42,-147.81,0.66,-1.28E+02
4.42,-147.81,0.67,-1.26E+02
4.43,-147.81,0.68,-1.25E+02
4.43,-147.81,0.69,-1.24E+02
4.52,-142.08,0.7,-1.24E+02
4.62,-137.25,0.71,-1.24E+02
4.72,-138.96,0.72,-1.24E+02
4.74,-138.96,0.73,-1.24E+02
4.82,-177.96,0.74,-1.24E+02
4.92,-203.78,0.75,-1.21E+02
5.02,-231.25,0.76,-1.12E+02
5.06,-231.25,0.77,-1.03E+02
5.12,-246.57,0.78,-94.56056
5.22,-262.5,0.79,-91.14
5.32,-282.7,0.8,-91.8218
5.38,-282.7,0.81,-93.6724
5.42,-295.82,0.82,-96.3996
5.43,-295.82,0.83,-99.7112
5.43,-295.82,0.84,-1.03E+02
5.52,-296.68,0.85,-1.07E+02
5.62,-287.83,0.86,-1.10E+02
5.7,-287.83,0.87,-1.13E+02
5.72,-281.48,0.88,-1.15E+02
5.82,-269.52,0.89,-1.15E+02
5.92,-243.64,0.9,-1.13E+02
6.02,-205.06,0.91,-1.05E+02
6.02,-205.06,0.92,-93.23552
6.12,-194.75,0.93,-79.22344
6.22,-171.49,0.94,-63.975
6.32,-154.65,0.95,-48.72656
6.34,-154.65,0.96,-34.71448
6.42,-148.79,0.97,-23.17512
6.43,-148.79,0.98,-15.34484
6.43,-148.79,0.99,-12.46
6.52,-147.08,1,-12.46
6.62,-140.31,1.01,-12.46
6.66,-140.31,1.02,-12.46
6.72,-139.08,1.03,-12.46
6.82,-133.77,1.04,-12.46
6.92,-117.78,1.05,-12.46
6.98,-117.78,1.06,-12.46
7.02,-103.62,1.07,0.847777778
7.12,-87.02,1.08,25.56222222
7.22,-73.66,1.09,38.87
7.3,-73.66,1.1,34.8674
7.32,-58.82,1.11,24.0032
7.42,-46.07,1.12,7.9928
7.43,-46.07,1.13,-11.4484
7.43,-46.07,1.14,-32.605
7.52,-36.18,1.15,-53.7616
7.62,-29.47,1.16,-73.2028
7.62,-29.47,1.17,-89.2132
7.72,-29.1,1.18,-1.00E+02
7.82,-32.4,1.19,-1.04E+02
7.92,-35.39,1.2,-1.04E+02
7.94,-35.39,1.21,-1.04E+02
8.02,-40.45,1.22,-1.04E+02
8.12,-47.78,1.23,-1.04E+02
8.22,-60.9,1.24,-1.04E+02
8.26,-60.9,1.25,-1.04E+02
8.32,-77.2,1.26,-1.04E+02
8.42,-89.71,1.27,-1.04E+02
8.43,-89.71,1.28,77.595
8.43,-89.71,1.29,2.59E+02
8.52,-101.98,1.3,2.59E+02
8.58,-101.98,1.31,2.59E+02
8.62,-98.37,1.32,2.59E+02
8.72,-108.51,1.33,2.59E+02
8.82,-123.76,1.34,2.59E+02
8.9,-123.76,1.35,2.59E+02
8.92,-142.62,1.36,2.59E+02
9.02,-150.01,1.37,2.59E+02
9.12,-143.11,1.38,2.59E+02
9.22,-129.81,1.39,3.05E+02
9.22,-129.81,1.4,3.01E+02
9.32,-129.87,1.41,2.88E+02
9.42,-111.5,1.42,2.70E+02
9.43,-111.5,1.43,2.47E+02
9.43,-111.5,1.44,2.20E+02
9.52,-105.76,1.45,1.91E+02
9.54,-105.76,1.46,1.62E+02
9.62,-112.23,1.47,1.34E+02
9.72,-124.92,1.48,1.08E+02
9.82,-122.12,1.49,86.05
9.86,-122.12,1.5,65.36148966
9.92,-115.46,1.51,42.87515897
10.02,-102.04,1.52,19.52739975
10.12,-88.36,1.53,-3.745396163
10.18,-88.36,1.54,-26.00683695
10.22,-81.22,1.55,-46.32053078
10.32,-84.03,1.56,-63.75008582
10.42,-79.33,1.57,-77.35911026
10.43,-79.33,1.58,-86.21121226
10.43,-79.33,1.59,-89.37
10.5,-79.33,1.6,-83.0056
10.52,-71.76,1.61,-65.7308
10.62,-63.28,1.62,-40.2732
10.72,-48.75,1.63,-9.3604
10.82,-30.01,1.64,24.28
10.82,-30.01,1.65,57.9204
10.92,-15.61,1.66,88.8332
11.02,-2.61,1.67,1.14E+02
11.12,11.12,1.68,1.32E+02
11.14,11.12,1.69,1.38E+02
11.22,23.21,1.7,1.38E+02
11.32,35.6,1.71,1.39E+02
11.42,45.18,1.72,1.42E+02
11.43,45.18,1.73,1.46E+02
11.43,45.18,1.74,1.51E+02
11.46,45.18,1.75,1.57E+02
11.52,51.04,1.76,1.63E+02
11.62,53.79,1.77,1.68E+02
11.72,56.11,1.78,1.73E+02
11.78,56.11,1.79,1.77E+02
11.82,54.4,1.8,1.80E+02
11.92,47.68,1.81,1.84E+02
12.02,38.89,1.82,1.87E+02
12.1,38.89,1.83,1.90E+02
12.12,31.08,1.84,1.93E+02
12.22,21.62,1.85,1.96E+02
12.32,13.01,1.86,1.98E+02
12.42,2.64,1.87,2.00E+02
12.42,2.64,1.88,2.01E+02
12.43,2.64,1.89,2.01E+02
12.43,2.64,1.9,1.84E+02
12.52,-7.31,1.91,1.38E+02
12.62,-17.5,1.92,70.05976
12.72,-29.83,1.93,-12.40928
12.74,-29.83,1.94,-1.02E+02
12.82,-41.61,1.95,-1.92E+02
12.92,-50.22,1.96,-2.74E+02
13.02,-55.65,1.97,-3.42E+02
13.06,-55.65,1.98,-3.88E+02
13.12,-57.42,1.99,-4.05E+02
13.22,-57.54,2,-4.05E+02
13.32,-58.27,2.01,-4.05E+02
13.38,-58.27,2.02,-4.05E+02
13.42,-57.97,2.03,-4.22E+02
13.43,-57.97,2.04,-4.66E+02
13.43,-57.97,2.05,-5.25E+02
13.52,-58.34,2.06,-5.89E+02
13.62,-56.93,2.07,-6.49E+02
13.7,-56.93,2.08,-6.92E+02
13.72,-53.82,2.09,-7.09E+02
13.82,-49.61,2.1,-7.08E+02
13.92,-44.24,2.11,-7.05E+02
14.02,-42.89,2.12,-7.01E+02
14.02,-42.89,2.13,-6.96E+02
14.12,-42.95,2.14,-6.90E+02
14.22,-46.86,2.15,-6.85E+02
14.32,-50.28,2.16,-6.80E+02
14.34,-50.28,2.17,-6.75E+02
14.42,-50.89,2.18,-6.73E+02
14.43,-50.89,2.19,-6.71E+02
14.43,-50.89,2.2,-6.71E+02
14.52,-53.76,2.21,-6.71E+02
14.62,-55.53,2.22,-6.71E+02
14.66,-55.53,2.23,-6.71E+02
14.72,-56.26,2.24,-6.71E+02
14.82,-53.76,2.25,-6.71E+02
14.92,-49.42,2.26,-6.71E+02
14.98,-49.42,2.27,-6.71E+02
15.02,-45.52,2.28,-6.90E+02
15.12,-42.71,2.29,-7.09E+02
15.22,-40.39,2.3,-7.09E+02
15.3,-40.39,2.31,-7.09E+02
15.32,-35.39,2.32,-7.09E+02
15.42,-26.72,2.33,-7.09E+02
15.43,-26.72,2.34,-7.09E+02
15.43,-26.72,2.35,-7.17E+02
15.52,-19.64,2.36,-7.37E+02
15.62,-12.44,2.37,-7.60E+02
15.62,-12.44,2.38,-7.79E+02
15.72,-6.33,2.39,-7.88E+02
15.82,-0.47,2.4,-7.87E+02
15.92,5.45,2.41,-7.85E+02
15.94,5.45,2.42,-7.82E+02
16.02,9.23,2.43,-7.78E+02
16.12,12.4,2.44,-7.73E+02
16.22,15.09,2.45,-7.67E+02
16.26,15.09,2.46,-7.61E+02
16.32,14.54,2.47,-7.54E+02
16.42,10.82,2.48,-7.47E+02
16.43,10.82,2.49,-7.40E+02
16.43,10.82,2.5,-7.29E+02
16.52,5.93,2.51,-7.13E+02
16.58,5.93,2.52,-6.93E+02
16.62,-0.05,2.53,-6.72E+02
16.72,-5.3,2.54,-6.49E+02
16.82,-10.36,2.55,-6.27E+02
16.9,-10.36,2.56,-6.07E+02
16.92,-14.27,2.57,-5.91E+02
17.02,-17.01,2.58,-5.81E+02
17.12,-16.16,2.59,-5.77E+02
17.22,-16.28,2.6,-5.77E+02
17.22,-16.28,2.61,-5.77E+02
17.32,-14.33,2.62,-5.77E+02
17.42,-16.47,2.63,-5.77E+02
17.43,-16.47,2.64,-5.77E+02
17.43,-16.47,2.65,-5.77E+02
17.52,-38.86,2.66,-5.77E+02
17.54,-38.86,2.67,-5.60E+02
17.62,-72.92,2.68,-5.24E+02
17.72,-89.77,2.69,-4.92E+02
17.82,-79.88,2.7,-4.71E+02
17.86,-79.88,2.71,-4.50E+02
17.92,-62.06,2.72,-4.30E+02
18.02,-48.45,2.73,-4.11E+02
18.12,-27.51,2.74,-3.93E+02
18.18,-27.51,2.75,-3.77E+02
18.22,-2.73,2.76,-3.62E+02
18.32,11.31,2.77,-3.48E+02
18.42,14.97,2.78,-3.37E+02
18.43,14.97,2.79,-3.26E+02
18.43,14.97,2.8,-3.17E+02
18.5,14.97,2.81,-3.08E+02
18.52,11.24,2.82,-2.99E+02
18.62,4.16,2.83,-2.91E+02
18.72,-2.49,2.84,-2.83E+02
18.82,-6.27,2.85,-2.76E+02
18.82,-6.27,2.86,-2.71E+02
18.92,-8.65,2.87,-2.66E+02
19.02,-10.97,2.88,-2.64E+02
19.12,-12.86,2.89,-2.63E+02
19.14,-12.86,2.9,-2.63E+02
19.22,-15.49,2.91,-2.63E+02
19.32,-18.97,2.92,-2.63E+02
19.42,-22.39,2.93,-2.63E+02
19.43,-22.39,2.94,-2.63E+02
19.43,-22.39,2.95,-2.63E+02
19.46,-22.39,2.96,-2.63E+02
19.52,-27.76,2.97,-2.63E+02
19.62,-33.19,2.98,-2.63E+02
19.72,-37.34,2.99,-2.63E+02
19.78,-37.34,3,-2.62E+02
19.82,-42.04,3.01,-2.59E+02
19.92,-46.13,3.02,-2.55E+02
20.02,-49.49,3.03,-2.50E+02
20.1,-49.49,3.04,-2.44E+02
20.12,-51.01,3.05,-2.37E+02
20.22,-39.17,3.06,-2.30E+02
20.32,-2.43,3.07,-2.23E+02
20.42,52.14,3.08,-2.16E+02
20.42,52.14,3.09,-2.09E+02
20.43,52.14,3.1,-2.02E+02
20.43,52.14,3.11,-1.92E+02
20.52,113.91,3.12,-1.82E+02
20.62,72.77,3.13,-1.71E+02
20.72,-90.32,3.14,-1.61E+02
20.74,-90.32,3.15,-1.51E+02
20.82,101.27,3.16,-1.42E+02
20.92,92.97,3.17,-1.35E+02
21.02,-23.24,3.18,-1.30E+02
21.06,-23.24,3.19,-1.29E+02
21.12,-96.6,3.2,-1.29E+02
21.22,-27.09,3.21,-1.29E+02
21.32,25.04,3.22,-1.29E+02
21.38,25.04,3.23,-1.29E+02
21.42,43.72,3.24,-1.29E+02
21.43,43.72,3.25,-1.29E+02
21.43,43.72,3.26,-1.29E+02
21.52,89.49,3.27,-1.29E+02
21.62,137.83,3.28,-1.29E+02
21.7,137.83,3.29,-40.17
21.72,105.48,3.3,-40.17
21.82,69.41,3.31,-38.82226337
21.92,40.42,3.32,-35.21032922
22.02,-65.17,3.33,-29.98111111
22.02,-65.17,3.34,-23.78152263
22.12,18.08,3.35,-17.25847737
22.22,60.81,3.36,-11.05888889
22.32,1.24,3.37,-5.829670782
22.34,1.24,3.38,-2.217736626
22.42,-81.77,3.39,-0.87
22.43,-81.77,3.4,-1.088532091
22.43,-81.77,3.41,-1.720780767
22.52,-102.77,3.42,-2.731724635
22.62,-35.94,3.43,-4.0863423
22.66,-35.94,3.44,-5.74961237
22.72,35.84,3.45,-7.686513451
22.82,27.54,3.46,-9.862024147
22.92,0.87,3.47,-12.24112307
22.98,0.87,3.48,-14.78878882
23.02,17.78,3.49,-17.47
23.12,-11.77,3.5,-21.86537118
23.22,-57.18,3.51,-29.06575693
23.3,-57.18,3.52,-38.30149585
23.32,-63.34,3.53,-48.80292655
23.42,-20.43,3.54,-59.80038763
23.43,-20.43,3.55,-70.5242177
23.43,-20.43,3.56,-80.20475537
23.52,-11.16,3.57,-88.07233923
23.62,-9.51,3.58,-93.35730791
23.62,-9.51,3.59,-95.29
23.72,20.03,3.6,-95.29
23.82,34.62,3.61,-95.29
23.92,18.63,3.62,-95.29
23.94,18.63,3.63,-95.28031127
24.02,22.35,3.64,-95.25185389
24.12,33.64,3.65,-95.20554108
24.22,26.63,3.66,-95.14228606
24.26,26.63,3.67,-95.06300206
24.32,33.77,3.68,-94.9686023
24.42,14.78,3.69,-94.86
24.43,14.78,3.7,-92.9102902
24.43,14.78,3.71,-87.66962605
24.52,-18.24,3.72,-79.7045079
24.58,-18.24,3.73,-69.58143613
24.62,-0.35,3.74,-57.86691111
24.72,-4.14,3.75,-45.12743319
24.82,-45.64,3.76,-31.92950276
24.9,-45.64,3.77,-18.83962017
24.92,-48.87,3.78,-6.424285795
25.02,2.27,3.79,4.75
25.12,14.11,3.8,16.17043172
25.22,-51.8,3.81,29.2522279
25.22,-51.8,3.82,43.32092423
25.32,-83.85,3.83,57.70205639
25.42,-30.5,3.84,71.72116006
25.43,-30.5,3.85,84.70377093
25.43,-30.5,3.86,95.97542467
25.52,48.17,3.87,1.05E+02
25.54,48.17,3.88,1.11E+02
25.62,6,3.89,1.13E+02
25.72,-31.85,3.9,1.13E+02
25.82,-21.59,3.91,1.13E+02
25.86,-21.59,3.92,1.13E+02
25.92,12.71,3.93,1.13E+02
26.02,64.47,3.94,1.13E+02
26.12,11.31,3.95,1.15E+02
26.18,11.31,3.96,1.20E+02
26.22,-19.46,3.97,1.26E+02
26.32,-4.14,3.98,1.31E+02
26.42,-7,3.99,1.33E+02
26.43,-7,4,1.32E+02
26.43,-7,4.01,1.30E+02
26.5,-7,4.02,1.25E+02
26.52,-1.27,4.03,1.20E+02
26.62,-14.45,4.04,1.13E+02
26.72,-26.11,4.05,1.06E+02
26.82,-32.15,4.06,98.47449302
26.82,-32.15,4.07,90.62323473
26.92,-18.91,4.08,82.83460636
27.02,-0.84,4.09,75.37
27.12,-1.21,4.1,66.84223364
27.14,-1.21,4.11,56.16788527
27.22,-42.22,4.12,44.06398698
27.32,-54.67,4.13,31.24757092
27.42,-44.36,4.14,18.4356692
27.43,-44.36,4.15,6.345313949
27.43,-44.36,4.16,-4.306462721
27.46,-44.36,4.17,-12.80262868
27.52,-30.56,4.18,-18.42615182
27.62,-18.17,4.19,-20.46
27.72,-29.4,4.2,-20.46
27.78,-29.4,4.21,-20.46
27.82,-80.74,4.22,-20.46
27.92,-75.61,4.23,-20.46
28.02,27.3,4.24,-20.46
28.1,27.3,4.25,-20.46
28.12,54.82,4.26,-20.46
28.22,23.7,4.27,-20.46
28.32,12.65,4.28,-44.38376681
28.42,13.26,4.29,-74.17
28.42,13.26,4.3,-85.40851554
28.43,13.26,4.31,-95.64567393
28.43,13.26,4.32,-1.05E+02
28.52,7.89,4.33,-1.13E+02
28.62,13.87,4.34,-1.20E+02
28.72,34.38,4.35,-1.26E+02
28.74,34.38,4.36,-1.30E+02
28.82,44.39,4.37,-1.34E+02
28.92,35.23,4.38,-1.36E+02
29.02,15.4,4.39,-1.36E+02
29.06,15.4,4.4,-1.27E+02
29.12,-9.75,4.41,-1.02E+02
29.22,-1.27,4.42,-65.92024
29.32,0.81,4.43,-21.56928
29.38,0.81,4.44,26.695
29.42,-2.37,4.45,74.95928
29.43,-2.37,4.46,1.19E+02
29.43,-2.37,4.47,1.56E+02
29.52,-2,4.48,1.81E+02
29.62,-9.14,4.49,1.90E+02
29.7,-9.14,4.5,1.90E+02
29.72,-4.07,4.51,1.90E+02
29.82,4.65,4.52,1.90E+02
29.92,-2,4.53,1.90E+02
30.02,0.26,4.54,1.90E+02
30.02,0.26,4.55,1.90E+02
30.12,0.14,4.56,1.90E+02
30.22,1.48,4.57,1.90E+02
30.32,-0.84,4.58,1.90E+02
30.34,-0.84,4.59,3.31E+02
30.42,0.26,4.6,3.33E+02
30.43,0.26,4.61,3.35E+02
30.43,0.26,4.62,3.37E+02
30.52,-1.51,4.63,3.38E+02
30.62,-0.47,4.64,3.39E+02
30.66,-0.47,4.65,3.39E+02
30.72,3.55,4.66,3.40E+02
30.82,-1.57,4.67,3.40E+02
30.92,-0.05,4.68,3.40E+02
30.98,-0.05,4.69,3.40E+02
31.02,0.08,4.7,3.36E+02
31.12,-8.35,4.71,3.26E+02
31.22,-2.3,4.72,3.11E+02
31.3,-2.3,4.73,2.93E+02
31.32,-1.45,4.74,2.73E+02
31.42,-7.86,4.75,2.53E+02
31.43,-7.86,4.76,2.34E+02
31.43,-7.86,4.77,2.19E+02
31.52,-4.93,4.78,2.09E+02
31.62,2.88,4.79,2.05E+02
31.62,2.88,4.8,2.51E+02
31.72,-0.9,4.81,3.76E+02
31.82,-0.6,4.82,5.60E+02
31.92,15.27,4.83,7.84E+02
31.94,15.27,4.84,1.03E+03
32.02,37.61,4.85,1.27E+03
32.12,33.95,4.86,1.49E+03
32.22,38.95,4.87,1.68E+03
32.26,38.95,4.88,1.80E+03
32.32,61.72,4.89,1.85E+03
32.42,43.65,4.9,1.85E+03
32.43,43.65,4.91,1.84E+03
32.43,43.65,4.92,1.83E+03
32.52,25.89,4.93,1.81E+03
32.58,25.89,4.94,1.79E+03
32.62,4.96,4.95,1.76E+03
32.72,-5.11,4.96,1.72E+03
32.82,-18.97,4.97,1.69E+03
32.9,-18.97,4.98,1.66E+03
32.92,-25.99,4.99,1.63E+03
33.02,-19.21,5,1.60E+03
33.12,-16.04,5.01,1.56E+03
33.22,-12.99,5.02,1.52E+03
33.22,-12.99,5.03,1.48E+03
33.32,-12.68,5.04,1.43E+03
33.42,-5.66,5.05,1.39E+03
33.43,-5.66,5.06,1.36E+03
33.43,-5.66,5.07,1.33E+03
33.52,-22.75,5.08,1.31E+03
33.54,-22.75,5.09,1.31E+03
33.62,-36.48,5.1,1.31E+03
33.72,-43.32,5.11,1.31E+03
33.82,-46.86,5.12,1.31E+03
33.86,-46.86,5.13,1.32E+03
33.92,-33.43,5.14,1.32E+03
34.02,-8.23,5.15,1.33E+03
34.12,17.96,5.16,1.33E+03
34.18,17.96,5.17,1.33E+03
34.22,25.65,5.18,1.34E+03
34.32,17.84,5.19,1.34E+03
34.42,16.43,5.2,1.34E+03
34.43,16.43,5.21,1.34E+03
34.43,16.43,5.22,1.34E+03
34.5,16.43,5.23,1.34E+03
34.52,18.2,5.24,1.34E+03
34.62,44.02,5.25,1.34E+03
34.72,41.15,5.26,1.34E+03
34.82,32.79,5.27,1.34E+03
34.82,32.79,5.28,1.22E+03
34.92,15.03,5.29,1.06E+03
35.02,-4.62,5.3,9.88E+02
35.12,-18.72,5.31,9.24E+02
35.14,-18.72,5.32,8.69E+02
35.22,21.62,5.33,8.19E+02
35.32,27.91,5.34,7.76E+02
35.42,3.37,5.35,7.37E+02
35.43,3.37,5.36,7.02E+02
35.43,3.37,5.37,6.69E+02
35.46,3.37,5.38,6.38E+02
35.52,-51.13,5.39,6.07E+02
35.62,-40.88,5.4,5.76E+02
35.72,4.1,5.41,5.44E+02
35.78,4.1,5.42,5.12E+02
35.82,22.48,5.43,4.81E+02
35.92,-11.58,5.44,4.52E+02
36.02,-65.72,5.45,4.26E+02
36.1,-65.72,5.46,4.05E+02
36.12,-51.56,5.47,3.88E+02
36.22,24.31,5.48,3.78E+02
36.32,51.47,5.49,3.74E+02
36.42,17.23,5.5,3.74E+02
36.42,17.23,5.51,3.74E+02
36.43,17.23,5.52,3.74E+02
36.43,17.23,5.53,3.74E+02
36.52,0.81,5.54,3.74E+02
36.62,16.37,5.55,3.71E+02
36.72,40.18,5.56,3.65E+02
36.74,40.18,5.57,3.57E+02
36.82,23.33,5.58,3.51E+02
36.92,10.09,5.59,3.48E+02
37.02,-1.08,5.6,3.52E+02
37.06,-1.08,5.61,3.65E+02
37.12,-3.59,5.62,3.83E+02
37.22,1.36,5.63,4.07E+02
37.32,4.53,5.64,4.33E+02
37.38,4.53,5.65,4.61E+02
37.42,-6.33,5.66,4.90E+02
37.43,-6.33,5.67,5.17E+02
37.43,-6.33,5.68,5.40E+02
37.52,7.58,5.69,5.60E+02
37.62,47.32,5.7,5.77E+02
37.7,47.32,5.71,5.95E+02
37.72,80.95,5.72,6.13E+02
37.82,105.61,5.73,6.31E+02
37.92,92.48,5.74,6.48E+02
38.02,64.28,5.75,6.63E+02
38.02,64.28,5.76,6.76E+02
38.12,44.2,5.77,6.86E+02
38.22,39.38,5.78,6.93E+02
38.32,33.77,5.79,6.95E+02
38.34,33.77,5.8,6.95E+02
38.42,-0.78,5.81,6.95E+02
38.43,-0.78,5.82,6.95E+02
38.43,-0.78,5.83,6.95E+02
38.52,-14.57,5.84,6.95E+02
38.62,-1.76,5.85,6.95E+02
38.66,-1.76,5.86,6.95E+02
38.72,-47.65,5.87,6.50E+02
38.82,-76.28,5.88,5.62E+02
38.92,-92.39,5.89,5.08E+02
38.98,-92.39,5.9,4.95E+02
39.02,-130.11,5.91,4.83E+02
39.12,-146.29,5.92,4.74E+02
39.22,-122.91,5.93,4.65E+02
39.3,-122.91,5.94,4.58E+02
39.32,-79.58,5.95,4.53E+02
39.42,-42.53,5.96,4.48E+02
39.43,-42.53,5.97,4.45E+02
39.43,-42.53,5.98,4.43E+02
39.52,-3.89,5.99,4.43E+02
39.62,13.32,6,4.43E+02
39.62,13.32,6.01,4.44E+02
39.72,8.62,6.02,4.45E+02
39.82,-1.02,6.03,4.46E+02
,,6.05,4.48E+02
,,6.06,4.49E+02
,,6.07,4.50E+02
,,6.08,4.51E+02
,,6.09,4.51E+02
,,6.1,4.51E+02
,,6.11,4.51E+02
,,6.12,4.51E+02
,,6.13,4.51E+02
,,6.14,4.51E+02
,,6.15,4.51E+02
,,6.16,4.51E+02
,,6.17,4.51E+02
,,6.18,4.51E+02
,,6.19,4.28E+02
,,6.2,4.28E+02
,,6.21,4.28E+02
,,6.22,4.28E+02
,,6.23,4.28E+02
,,6.24,4.28E+02
,,6.25,4.28E+02
,,6.26,4.28E+02
,,6.27,4.28E+02
,,6.28,3.86E+02
,,6.29,3.28E+02
,,6.3,2.98E+02
,,6.31,2.71E+02
,,6.32,2.46E+02
,,6.33,2.24E+02
,,6.34,2.04E+02
,,6.35,1.86E+02
,,6.36,1.70E+02
,,6.37,1.55E+02
,,6.38,1.43E+02
,,6.39,1.31E+02
,,6.4,1.21E+02
,,6.41,1.10E+02
,,6.42,99.94385611
,,6.43,90.34322231
,,6.44,81.56974159
,,6.45,73.86028154
,,6.46,67.45170976
,,6.47,62.58089385
,,6.48,59.48470139
,,6.49,58.4
,,6.5,58.4
,,6.51,56.40995763
,,6.52,50.86670355
,,6.53,42.41054733
,,6.54,31.68179851
,,6.55,19.32076666
,,6.56,5.967761326
,,6.57,-7.736907933
,,6.58,-21.15293156
,,6.59,-33.64
,,6.6,-47.14305501
,,6.61,-63.38123754
,,6.62,-81.37553686
,,6.63,-1.00E+02
,,6.64,-1.19E+02
,,6.65,-1.36E+02
,,6.66,-1.51E+02
,,6.67,-1.63E+02
,,6.68,-1.71E+02
,,6.69,-1.74E+02
,,6.7,-1.73E+02
,,6.71,-1.69E+02
,,6.72,-1.63E+02
,,6.73,-1.56E+02
,,6.74,-1.48E+02
,,6.75,-1.40E+02
,,6.76,-1.33E+02
,,6.77,-1.27E+02
,,6.78,-1.23E+02
,,6.79,-1.21E+02
,,6.8,-1.21E+02
,,6.81,-1.21E+02
,,6.82,-1.21E+02
,,6.83,-1.20E+02
,,6.84,-1.18E+02
,,6.85,-1.15E+02
,,6.86,-1.12E+02
,,6.87,-1.09E+02
,,6.88,-1.06E+02
,,6.89,-1.05E+02
,,6.9,-1.06E+02
,,6.91,-1.07E+02
,,6.92,-1.09E+02
,,6.93,-1.12E+02
,,6.94,-1.15E+02
,,6.95,-1.18E+02
,,6.96,-1.21E+02
,,6.97,-1.25E+02
,,6.98,-1.28E+02
,,6.99,-1.31E+02
,,7,-1.35E+02
,,7.01,-1.39E+02
,,7.02,-1.43E+02
,,7.03,-1.48E+02
,,7.04,-1.53E+02
,,7.05,-1.57E+02
,,7.06,-1.61E+02
,,7.07,-1.64E+02
,,7.08,-1.66E+02
,,7.09,-1.67E+02
,,7.1,-1.67E+02
,,7.11,-1.67E+02
,,7.12,-1.67E+02
,,7.13,-1.67E+02
,,7.14,-1.67E+02
,,7.15,-1.74E+02
,,7.16,-1.92E+02
,,7.17,-2.13E+02
,,7.18,-2.31E+02
,,7.19,-2.38E+02
,,7.2,-2.38E+02
,,7.21,-2.38E+02
,,7.22,-2.38E+02
,,7.23,-2.38E+02
,,7.24,-2.38E+02
,,7.25,-2.38E+02
,,7.26,-2.38E+02
,,7.27,-2.57E+02
,,7.28,-2.93E+02
,,7.29,-3.12E+02
,,7.3,-3.11E+02
,,7.31,-3.09E+02
,,7.32,-3.05E+02
,,7.33,-3.00E+02
,,7.34,-2.95E+02
,,7.35,-2.90E+02
,,7.36,-2.86E+02
,,7.37,-2.82E+02
,,7.38,-2.79E+02
,,7.39,-2.78E+02
,,7.4,-2.78E+02
,,7.41,-2.78E+02
,,7.42,-2.78E+02
,,7.43,-2.78E+02
,,7.44,-2.78E+02
,,7.45,-2.78E+02
,,7.46,-2.78E+02
,,7.47,-2.78E+02
,,7.48,-2.78E+02
,,7.49,-2.78E+02
,,7.5,-2.77E+02
,,7.51,-2.75E+02
,,7.52,-2.71E+02
,,7.53,-2.66E+02
,,7.54,-2.60E+02
,,7.55,-2.53E+02
,,7.56,-2.47E+02
,,7.57,-2.40E+02
,,7.58,-2.33E+02
,,7.59,-2.28E+02
,,7.6,-2.21E+02
,,7.61,-2.14E+02
,,7.62,-2.06E+02
,,7.63,-1.98E+02
,,7.64,-1.90E+02
,,7.65,-1.83E+02
,,7.66,-1.76E+02
,,7.67,-1.71E+02
,,7.68,-1.68E+02
,,7.69,-1.67E+02
,,7.7,-1.67E+02
,,7.71,-1.67E+02
,,7.72,-1.67E+02
,,7.73,-1.67E+02
,,7.74,-1.67E+02
,,7.75,-1.67E+02
,,7.76,-1.67E+02
,,7.77,-1.67E+02
,,7.78,-1.67E+02
,,7.79,-49.08
,,7.8,-25.39176554
,,7.81,-5.889018378
,,7.82,9.938779676
,,7.83,22.60216683
,,7.84,32.61168127
,,7.85,40.47786122
,,7.86,46.71124486
,,7.87,51.82237041
,,7.88,56.32177605
,,7.89,60.72
,,7.9,65.17574812
,,7.91,69.46056
,,7.92,73.50422438
,,7.93,77.23653
,,7.94,80.58726563
,,7.95,83.48622
,,7.96,85.86318188
,,7.97,87.64794
,,7.98,88.77028313
,,7.99,89.16
,,8,85.87028
,,8.01,76.94104
,,8.02,63.78216
,,8.03,47.80352
,,8.04,30.415
,,8.05,13.02648
,,8.06,-2.95216
,,8.07,-16.11104
,,8.08,-25.04028
,,8.09,-28.33
,,8.1,-28.33
,,8.11,-29.87252401
,,8.12,-34.00648834
,,8.13,-39.99148148
,,8.14,-47.08709191
,,8.15,-54.55290809
,,8.16,-61.64851852
,,8.17,-67.63351166
,,8.18,-71.76747599
,,8.19,-73.31
,,8.2,-73.31
,,8.21,-73.31
,,8.22,-73.31
,,8.23,-73.31
,,8.24,-73.31
,,8.25,-73.31
,,8.26,-73.31
,,8.27,-78.73699563
,,8.28,-88.92621349
,,8.29,-94.74
,,8.3,-95.27995092
,,8.31,-95.74263849
,,8.32,-96.13287389
,,8.33,-96.4554683
,,8.34,-96.7152329
,,8.35,-96.91697887
,,8.36,-97.06551738
,,8.37,-97.16565962
,,8.38,-97.22221677
,,8.39,-97.24
,,8.4,-97.24
,,8.41,-97.24
,,8.42,-97.24
,,8.43,-97.01896818
,,8.44,-96.42186673
,,8.45,-95.54768665
,,8.46,-94.49541894
,,8.47,-93.36405459
,,8.48,-92.25258461
,,8.49,-91.26
,,8.5,-90.26264261
,,8.51,-89.1114945
,,8.52,-87.86750696
,,8.53,-86.59163131
,,8.54,-85.34481884
,,8.55,-84.18802087
,,8.56,-83.1821887
,,8.57,-82.38827362
,,8.58,-81.86722696
,,8.59,-81.68
,,8.6,-82.04904
,,8.61,-83.05072
,,8.62,-84.52688
,,8.63,-86.31936
,,8.64,-88.27
,,8.65,-90.22064
,,8.66,-92.01312
,,8.67,-93.48928
,,8.68,-94.49096
,,8.69,-94.86
,,8.7,-94.86
,,8.71,-94.86
,,8.72,-94.86
,,8.73,-94.86
,,8.74,-94.86
,,8.75,-93.38926221
,,8.76,-89.57378662
,,8.77,-84.30867993
,,8.78,-78.48904882
,,8.79,-73.01
,,8.8,-67.4049245
,,8.81,-60.82484249
,,8.82,-53.59130438
,,8.83,-46.02586055
,,8.84,-38.45006142
,,8.85,-31.18545737
,,8.86,-24.55359881
,,8.87,-18.87603613
,,8.88,-14.47431973
,,8.89,-11.67
,,8.9,-9.817825283
,,8.91,-8.07207946
,,8.92,-6.453616255
,,8.93,-4.983289392
,,8.94,-3.681952597
,,8.95,-2.570459595
,,8.96,-1.669664109
,,8.97,-1.000419865
,,8.98,-0.583580587
,,8.99,-0.44
,,9,-0.44
,,9.01,-0.44
,,9.02,-0.44
,,9.03,-0.44
,,9.04,-0.44
,,9.05,-0.44
,,9.06,-0.44
,,9.07,-3.970257764
,,9.08,-11.01384886
,,9.09,-16.25
,,9.1,-18.73454045
,,9.11,-21.05515528
,,9.12,-23.18885489
,,9.13,-25.11264969
,,9.14,-26.80355008
,,9.15,-28.23856646
,,9.16,-29.39470924
,,9.17,-30.24898882
,,9.18,-30.77841561
,,9.19,-30.96
,,9.2,-30.96
,,9.21,-30.96
,,9.22,-30.96
,,9.23,-30.96
,,9.24,-30.96
,,9.25,-30.96
,,9.26,-30.96
,,9.27,-37.65148148
,,9.28,-50.07851852
,,9.29,-56.77
,,9.3,-56.77
,,9.31,-56.77
,,9.32,-56.77
,,9.33,-56.77
,,9.34,-56.77
,,9.35,-56.77
,,9.36,-56.77
,,9.37,-56.77
,,9.38,-56.77
,,9.39,-84.3
,,9.4,-88.53254777
,,9.41,-91.79165857
,,9.42,-94.25240895
,,9.43,-96.08987545
,,9.44,-97.47913463
,,9.45,-98.59526304
,,9.46,-99.61333723
,,9.47,-1.01E+02
,,9.48,-1.02E+02
,,9.49,-1.04E+02
,,9.5,-1.06E+02
,,9.51,-1.08E+02
,,9.52,-1.10E+02
,,9.53,-1.13E+02
,,9.54,-1.15E+02
,,9.55,-1.17E+02
,,9.56,-1.19E+02
,,9.57,-1.21E+02
,,9.58,-1.23E+02
,,9.59,-1.25E+02
,,9.6,-1.27E+02
,,9.61,-1.30E+02
,,9.62,-1.32E+02
,,9.63,-1.34E+02
,,9.64,-1.36E+02
,,9.65,-1.38E+02
,,9.66,-1.40E+02
,,9.67,-1.41E+02
,,9.68,-1.42E+02
,,9.69,-1.42E+02
,,9.7,-1.42E+02
,,9.71,-1.43E+02
,,9.72,-1.43E+02
,,9.73,-1.45E+02
,,9.74,-1.46E+02
,,9.75,-1.47E+02
,,9.76,-1.49E+02
,,9.77,-1.51E+02
,,9.78,-1.52E+02
,,9.79,-1.53E+02
,,9.8,-1.54E+02
,,9.81,-1.55E+02
,,9.82,-1.56E+02
,,9.83,-1.57E+02
,,9.84,-1.58E+02
,,9.85,-1.59E+02
,,9.86,-1.60E+02
,,9.87,-1.61E+02
,,9.88,-1.62E+02
,,9.89,-1.62E+02
,,9.9,-1.63E+02
,,9.91,-1.64E+02
,,9.92,-1.65E+02
,,9.93,-1.66E+02
,,9.94,-1.67E+02
,,9.95,-1.67E+02
,,9.96,-1.68E+02
,,9.97,-1.68E+02
,,9.98,-1.69E+02
,,9.99,-1.69E+02
,,10,-1.69E+02
,,10.01,-1.69E+02
,,10.02,-1.69E+02
,,10.03,-1.69E+02
,,10.04,-1.70E+02
,,10.05,-1.72E+02
,,10.06,-1.74E+02
,,10.07,-1.77E+02
,,10.08,-1.79E+02
,,10.09,-1.81E+02
,,10.1,-1.84E+02
,,10.11,-1.87E+02
,,10.12,-1.90E+02
,,10.13,-1.93E+02
,,10.14,-1.96E+02
,,10.15,-1.99E+02
,,10.16,-2.02E+02
,,10.17,-2.04E+02
,,10.18,-2.06E+02
,,10.19,-2.06E+02
,,10.2,-2.06E+02
,,10.21,-2.06E+02
,,10.22,-2.06E+02
,,10.23,-2.06E+02
,,10.24,-2.06E+02
,,10.25,-2.06E+02
,,10.26,-2.06E+02
,,10.27,-2.14E+02
,,10.28,-2.29E+02
,,10.29,-2.37E+02
,,10.3,-2.37E+02
,,10.31,-2.37E+02
,,10.32,-2.37E+02
,,10.33,-2.37E+02
,,10.34,-2.37E+02
,,10.35,-2.40E+02
,,10.36,-2.46E+02
,,10.37,-2.53E+02
,,10.38,-2.60E+02
,,10.39,-2.65E+02
,,10.4,-2.67E+02
,,10.41,-2.70E+02
,,10.42,-2.72E+02
,,10.43,-2.74E+02
,,10.44,-2.76E+02
,,10.45,-2.78E+02
,,10.46,-2.79E+02
,,10.47,-2.80E+02
,,10.48,-2.81E+02
,,10.49,-2.81E+02
,,10.5,-2.80E+02
,,10.51,-2.78E+02
,,10.52,-2.75E+02
,,10.53,-2.71E+02
,,10.54,-2.67E+02
,,10.55,-2.63E+02
,,10.56,-2.60E+02
,,10.57,-2.56E+02
,,10.58,-2.54E+02
,,10.59,-2.54E+02
,,10.6,-2.54E+02
,,10.61,-2.54E+02
,,10.62,-2.54E+02
,,10.63,-2.54E+02
,,10.64,-2.54E+02
,,10.65,-2.54E+02
,,10.66,-2.54E+02
,,10.67,-2.42E+02
,,10.68,-2.18E+02
,,10.69,-2.00E+02
,,10.7,-1.90E+02
,,10.71,-1.82E+02
,,10.72,-1.75E+02
,,10.73,-1.68E+02
,,10.74,-1.63E+02
,,10.75,-1.57E+02
,,10.76,-1.52E+02
,,10.77,-1.47E+02
,,10.78,-1.41E+02
,,10.79,-1.34E+02
,,10.8,-1.26E+02
,,10.81,-1.16E+02
,,10.82,-1.06E+02
,,10.83,-95.41266786
,,10.84,-84.94391307
,,10.85,-75.19764524
,,10.86,-66.70049219
,,10.87,-59.97908175
,,10.88,-55.56004174
,,10.89,-53.97
,,10.9,-53.97
,,10.91,-53.97
,,10.92,-53.97
,,10.93,-53.97
,,10.94,-53.97
,,10.95,-53.97
,,10.96,-53.97
,,10.97,-53.97
,,10.98,-53.97
,,10.99,-10.57
,,11,-4.229578412
,,11.01,1.108774854
,,11.02,5.523883622
,,11.03,9.094571711
,,11.04,11.89966294
,,11.05,14.01798114
,,11.06,15.52835012
,,11.07,16.50959371
,,11.08,17.04053573
,,11.09,17.2
,,11.1,16.74192
,,11.11,15.49856
,,11.12,13.66624
,,11.13,11.44128
,,11.14,9.02
,,11.15,6.59872
,,11.16,4.37376
,,11.17,2.54144
,,11.18,1.29808
,,11.19,0.84
,,11.2,0.84
,,11.21,0.84
,,11.22,0.84
,,11.23,0.84
,,11.24,0.84
,,11.25,0.84
,,11.26,0.84
,,11.27,-7.386296296
,,11.28,-22.6637037
,,11.29,-30.89
,,11.3,-30.89
,,11.31,-31.59309521
,,11.32,-33.56299372
,,11.33,-36.59061487
,,11.34,-40.46687799
,,11.35,-44.98270243
,,11.36,-49.92900751
,,11.37,-55.09671258
,,11.38,-60.27673696
,,11.39,-65.26
,,11.4,-70.91559416
,,11.41,-77.95772158
,,11.42,-85.94496611
,,11.43,-94.4359116
,,11.44,-1.03E+02
,,11.45,-1.11E+02
,,11.46,-1.19E+02
,,11.47,-1.25E+02
,,11.48,-1.29E+02
,,11.49,-1.31E+02
,,11.5,-1.32E+02
,,11.51,-1.33E+02
,,11.52,-1.34E+02
,,11.53,-1.35E+02
,,11.54,-1.35E+02
,,11.55,-1.36E+02
,,11.56,-1.36E+02
,,11.57,-1.37E+02
,,11.58,-1.37E+02
,,11.59,-1.37E+02
,,11.6,-1.37E+02
,,11.61,-1.37E+02
,,11.62,-1.37E+02
,,11.63,-1.36E+02
,,11.64,-1.34E+02
,,11.65,-1.32E+02
,,11.66,-1.28E+02
,,11.67,-1.24E+02
,,11.68,-1.20E+02
,,11.69,-1.16E+02
,,11.7,-1.10E+02
,,11.71,-1.02E+02
,,11.72,-91.97023143
,,11.73,-81.06723014
,,11.74,-69.60085872
,,11.75,-58.14601859
,,11.76,-47.27761122
,,11.77,-37.57053803
,,11.78,-29.59970048
,,11.79,-23.94
,,11.8,-19.65727652
,,11.81,-15.4872024
,,11.82,-11.50942776
,,11.83,-7.803602704
,,11.84,-4.449377347
,,11.85,-1.526401803
,,11.86,0.885673817
,,11.87,2.707199399
,,11.88,3.858524831
,,11.89,4.26
,,11.9,4.26
,,11.91,4.26
,,11.92,4.26
,,11.93,4.26
,,11.94,4.26
,,11.95,5.259010944
,,11.96,7.877032832
,,11.97,11.54554925
,,11.98,15.69604378
,,11.99,19.76
,,12,24.26838159
,,12.01,29.90137732
,,12.02,36.31430843
,,12.03,43.16249613
,,12.04,50.10126167
,,12.05,56.78592628
,,12.06,62.87181118
,,12.07,68.01423762
,,12.08,71.86852681
,,12.09,74.09
,,12.1,75.33999953
,,12.11,76.5027005
,,12.12,77.56767323
,,12.13,78.52448806
,,12.14,79.36271533
,,12.15,80.07192537
,,12.16,80.64168853
,,12.17,81.06157512
,,12.18,81.3211555
,,12.19,81.41
,,12.2,81.41
,,12.21,81.41
,,12.22,81.41
,,12.23,81.41
,,12.24,81.41
,,12.25,81.41
,,12.26,81.41
,,12.27,75.50382239
,,12.28,63.88653367
,,12.29,55.71
,,12.3,52.61928899
,,12.31,50.08854873
,,12.32,48.01326611
,,12.33,46.28892801
,,12.34,44.81102132
,,12.35,43.47503292
,,12.36,42.17644971
,,12.37,40.81075856
,,12.38,39.27344636
,,12.39,37.46
,,12.4,35.24093557
,,12.41,32.65131053
,,12.42,29.83342381
,,12.43,26.92957435
,,12.44,24.08206106
,,12.45,21.4331829
,,12.46,19.12523878
,,12.47,17.30052763
,,12.48,16.1013484
,,12.49,15.67
,,12.5,15.67
,,12.51,15.67
,,12.52,15.67
,,12.53,15.67
,,12.54,15.67
,,12.55,15.67
,,12.56,15.67
,,12.57,15.67
,,12.58,15.67
,,12.59,-3.67
,,12.6,-3.717569863
,,12.61,-3.756525215
,,12.62,-3.787715677
,,12.63,-3.811990867
,,12.64,-3.830200405
,,12.65,-3.843193911
,,12.66,-3.851821004
,,12.67,-3.856931304
,,12.68,-3.859374429
,,12.69,-3.86
,,12.7,-3.097548255
,,12.71,-1.004171572
,,12.72,2.129162218
,,12.73,6.011485284
,,12.74,10.3518298
,,12.75,14.85922793
,,12.76,19.24271184
,,12.77,23.21131371
,,12.78,26.47406571
,,12.79,28.74
,,12.8,30.40757429
,,12.81,32.04620629
,,12.82,33.62136816
,,12.83,35.09853207
,,12.84,36.4431702
,,12.85,37.62075472
,,12.86,38.59675778
,,12.87,39.33665157
,,12.88,39.80590825
,,12.89,39.97
,,12.9,39.97
,,12.91,39.41105722
,,12.92,37.88407066
,,12.93,35.61380293
,,12.94,32.82501669
,,12.95,29.74247456
,,12.96,26.59093919
,,12.97,23.59517322
,,12.98,20.97993928
,,12.99,18.97
,,13,17.29917944
,,13.01,15.58576504
,,13.02,13.88121454
,,13.03,12.23698567
,,13.04,10.70453617
,,13.05,9.33532378
,,13.06,8.18080623
,,13.07,7.29244126
,,13.08,6.721686604
,,13.09,6.52
,,13.1,6.79692
,,13.11,7.54856
,,13.12,8.65624
,,13.13,10.00128
,,13.14,11.465
,,13.15,12.92872
,,13.16,14.27376
,,13.17,15.38144
,,13.18,16.13308
,,13.19,16.41
,,13.2,16.41
,,13.21,16.41
,,13.22,16.41
,,13.23,16.41
,,13.24,16.41
,,13.25,16.41
,,13.26,16.41
,,13.27,13.71736945
,,13.28,8.149183342
,,13.29,3.47
,,13.3,0.682919157
,,13.31,-1.763582964
,,13.32,-3.936883315
,,13.33,-5.904358845
,,13.34,-7.733386505
,,13.35,-9.491343244
,,13.36,-11.24560601
,,13.37,-13.06355176
,,13.38,-15.01255744
,,13.39,-17.16
,,13.4,-19.70386719
,,13.41,-22.68631358
,,13.42,-25.94096637
,,13.43,-29.30145277
,,13.44,-32.60139998
,,13.45,-35.67443518
,,13.46,-38.35418559
,,13.47,-40.47427839
,,13.48,-41.8683408
,,13.49,-42.37
,,13.5,-42.37
,,13.51,-42.37
,,13.52,-42.37
,,13.53,-42.37
,,13.54,-42.37
,,13.55,-44.65577142
,,13.56,-50.29891426
,,13.57,-57.47817138
,,13.58,-64.37228567
,,13.59,-69.16
,,13.6,-72.26917719
,,13.61,-75.30238865
,,13.62,-78.20044009
,,13.63,-80.90413723
,,13.64,-83.35428579
,,13.65,-85.49169149
,,13.66,-87.25716004
,,13.67,-88.59149716
,,13.68,-89.43550858
,,13.69,-89.73
,,13.7,-89.67036
,,13.71,-89.50848
,,13.72,-89.26992
,,13.73,-88.98024
,,13.74,-88.665
,,13.75,-88.34976
,,13.76,-88.06008
,,13.77,-87.82152
,,13.78,-87.65964
,,13.79,-87.6
,,13.8,-87.6
,,13.81,-87.6
,,13.82,-87.6
,,13.83,-87.6
,,13.84,-87.6
,,13.85,-87.6
,,13.86,-87.6
,,13.87,-89.65592593
,,13.88,-93.47407407
,,13.89,-95.53
,,13.9,-95.34852068
,,13.91,-94.83318464
,,13.92,-94.02764477
,,13.93,-92.97555393
,,13.94,-91.72056502
,,13.95,-90.3063309
,,13.96,-88.77650446
,,13.97,-87.17473858
,,13.98,-85.54468613
,,13.99,-83.93
,,14,-81.92919387
,,14.01,-79.25110142
,,14.02,-76.10485554
,,14.03,-72.6995891
,,14.04,-69.24443498
,,14.05,-65.94852607
,,14.06,-63.02099523
,,14.07,-60.67097536
,,14.08,-59.10759932
,,14.09,-58.54
,,14.1,-58.54
,,14.11,-58.54
,,14.12,-58.54
,,14.13,-58.54
,,14.14,-58.54
,,14.15,-58.54
,,14.16,-58.54
,,14.17,-58.54
,,14.18,-58.54
,,14.19,-53.97
,,14.2,-53.97
,,14.21,-53.97
,,14.22,-53.97
,,14.23,-53.97
,,14.24,-53.97
,,14.25,-53.97
,,14.26,-53.97
,,14.27,-54.35170724
,,14.28,-55.14008116
,,14.29,-55.8
,,14.3,-56.17332835
,,14.31,-56.4724374
,,14.32,-56.71796537
,,14.33,-56.93055045
,,14.34,-57.13083086
,,14.35,-57.33944479
,,14.36,-57.57703047
,,14.37,-57.86422609
,,14.38,-58.22166987
,,14.39,-58.67
,,14.4,-59.6240487
,,14.41,-61.34819548
,,14.42,-63.63739949
,,14.43,-66.28661991
,,14.44,-69.09081589
,,14.45,-71.84494661
,,14.46,-74.34397121
,,14.47,-76.38284887
,,14.48,-77.75653874
,,14.49,-78.26
,,14.5,-78.26
,,14.51,-78.73408563
,,14.52,-80.046275
,,14.53,-82.03146687
,,14.54,-84.52455998
,,14.55,-87.36045306
,,14.56,-90.37404486
,,14.57,-93.40023412
,,14.58,-96.27391959
,,14.59,-98.83
,,14.6,-1.01E+02
,,14.61,-1.04E+02
,,14.62,-1.06E+02
,,14.63,-1.08E+02
,,14.64,-1.11E+02
,,14.65,-1.13E+02
,,14.66,-1.16E+02
,,14.67,-1.18E+02
,,14.68,-1.20E+02
,,14.69,-1.23E+02
,,14.7,-1.26E+02
,,14.71,-1.29E+02
,,14.72,-1.32E+02
,,14.73,-1.35E+02
,,14.74,-1.39E+02
,,14.75,-1.42E+02
,,14.76,-1.45E+02
,,14.77,-1.47E+02
,,14.78,-1.48E+02
,,14.79,-1.49E+02
,,14.8,-1.49E+02
,,14.81,-1.49E+02
,,14.82,-1.49E+02
,,14.83,-1.50E+02
,,14.84,-1.53E+02
,,14.85,-1.58E+02
,,14.86,-1.63E+02
,,14.87,-1.68E+02
,,14.88,-1.71E+02
,,14.89,-1.73E+02
,,14.9,-1.73E+02
,,14.91,-1.73E+02
,,14.92,-1.73E+02
,,14.93,-1.73E+02
,,14.94,-1.73E+02
,,14.95,-1.73E+02
,,14.96,-1.74E+02
,,14.97,-1.74E+02
,,14.98,-1.74E+02
,,14.99,-1.74E+02
,,15,-1.74E+02
,,15.01,-1.75E+02
,,15.02,-1.75E+02
,,15.03,-1.75E+02
,,15.04,-1.76E+02
,,15.05,-1.76E+02
,,15.06,-1.77E+02
,,15.07,-1.77E+02
,,15.08,-1.77E+02
,,15.09,-1.78E+02
,,15.1,-1.78E+02
,,15.11,-1.78E+02
,,15.12,-1.78E+02
,,15.13,-1.78E+02
,,15.14,-1.78E+02
,,15.15,-1.78E+02
,,15.16,-1.80E+02
,,15.17,-1.81E+02
,,15.18,-1.83E+02
,,15.19,-1.83E+02
,,15.2,-1.83E+02
,,15.21,-1.83E+02
,,15.22,-1.83E+02
,,15.23,-1.83E+02
,,15.24,-1.83E+02
,,15.25,-1.83E+02
,,15.26,-1.83E+02
,,15.27,-1.84E+02
,,15.28,-1.86E+02
,,15.29,-1.88E+02
,,15.3,-1.89E+02
,,15.31,-1.90E+02
,,15.32,-1.92E+02
,,15.33,-1.94E+02
,,15.34,-1.95E+02
,,15.35,-1.96E+02
,,15.36,-1.98E+02
,,15.37,-1.99E+02
,,15.38,-1.99E+02
,,15.39,-1.99E+02
,,15.4,-1.99E+02
,,15.41,-1.99E+02
,,15.42,-1.99E+02
,,15.43,-1.99E+02
,,15.44,-1.99E+02
,,15.45,-1.99E+02
,,15.46,-1.99E+02
,,15.47,-2.03E+02
,,15.48,-2.10E+02
,,15.49,-2.14E+02
,,15.5,-2.16E+02
,,15.51,-2.18E+02
,,15.52,-2.19E+02
,,15.53,-2.21E+02
,,15.54,-2.22E+02
,,15.55,-2.22E+02
,,15.56,-2.23E+02
,,15.57,-2.24E+02
,,15.58,-2.25E+02
,,15.59,-2.27E+02
,,15.6,-2.28E+02
,,15.61,-2.30E+02
,,15.62,-2.31E+02
,,15.63,-2.33E+02
,,15.64,-2.35E+02
,,15.65,-2.37E+02
,,15.66,-2.38E+02
,,15.67,-2.40E+02
,,15.68,-2.40E+02
,,15.69,-2.41E+02
,,15.7,-2.41E+02
,,15.71,-2.41E+02
,,15.72,-2.41E+02
,,15.73,-2.41E+02
,,15.74,-2.41E+02
,,15.75,-2.41E+02
,,15.76,-2.41E+02
,,15.77,-2.41E+02
,,15.78,-2.41E+02
,,15.79,-2.61E+02
,,15.8,-2.65E+02
,,15.81,-2.68E+02
,,15.82,-2.71E+02
,,15.83,-2.73E+02
,,15.84,-2.75E+02
,,15.85,-2.76E+02
,,15.86,-2.77E+02
,,15.87,-2.78E+02
,,15.88,-2.78E+02
,,15.89,-2.79E+02
,,15.9,-2.79E+02
,,15.91,-2.79E+02
,,15.92,-2.79E+02
,,15.93,-2.80E+02
,,15.94,-2.80E+02
,,15.95,-2.80E+02
,,15.96,-2.80E+02
,,15.97,-2.80E+02
,,15.98,-2.80E+02
,,15.99,-2.80E+02
,,16,-2.80E+02
,,16.01,-2.81E+02
,,16.02,-2.81E+02
,,16.03,-2.81E+02
,,16.04,-2.81E+02
,,16.05,-2.81E+02
,,16.06,-2.82E+02
,,16.07,-2.82E+02
,,16.08,-2.82E+02
,,16.09,-2.82E+02
,,16.1,-2.82E+02
,,16.11,-2.82E+02
,,16.12,-2.82E+02
,,16.13,-2.83E+02
,,16.14,-2.83E+02
,,16.15,-2.84E+02
,,16.16,-2.85E+02
,,16.17,-2.85E+02
,,16.18,-2.86E+02
,,16.19,-2.86E+02
,,16.2,-2.86E+02
,,16.21,-2.86E+02
,,16.22,-2.86E+02
,,16.23,-2.86E+02
,,16.24,-2.86E+02
,,16.25,-2.86E+02
,,16.26,-2.86E+02
,,16.27,-2.86E+02
,,16.28,-2.90E+02
,,16.29,-2.95E+02
,,16.3,-2.96E+02
,,16.31,-2.97E+02
,,16.32,-2.98E+02
,,16.33,-2.99E+02
,,16.34,-3.00E+02
,,16.35,-3.00E+02
,,16.36,-3.01E+02
,,16.37,-3.01E+02
,,16.38,-3.01E+02
,,16.39,-3.01E+02
,,16.4,-3.01E+02
,,16.41,-3.01E+02
,,16.42,-3.01E+02
,,16.43,-3.01E+02
,,16.44,-3.02E+02
,,16.45,-3.03E+02
,,16.46,-3.04E+02
,,16.47,-3.05E+02
,,16.48,-3.06E+02
,,16.49,-3.07E+02
,,16.5,-3.08E+02
,,16.51,-3.10E+02
,,16.52,-3.11E+02
,,16.53,-3.13E+02
,,16.54,-3.15E+02
,,16.55,-3.16E+02
,,16.56,-3.18E+02
,,16.57,-3.20E+02
,,16.58,-3.22E+02
,,16.59,-3.23E+02
,,16.6,-3.25E+02
,,16.61,-3.27E+02
,,16.62,-3.29E+02
,,16.63,-3.30E+02
,,16.64,-3.32E+02
,,16.65,-3.34E+02
,,16.66,-3.36E+02
,,16.67,-3.37E+02
,,16.68,-3.37E+02
,,16.69,-3.38E+02
,,16.7,-3.38E+02
,,16.71,-3.38E+02
,,16.72,-3.38E+02
,,16.73,-3.38E+02
,,16.74,-3.38E+02
,,16.75,-3.39E+02
,,16.76,-3.42E+02
,,16.77,-3.45E+02
,,16.78,-3.49E+02
,,16.79,-3.51E+02
,,16.8,-3.53E+02
,,16.81,-3.54E+02
,,16.82,-3.55E+02
,,16.83,-3.56E+02
,,16.84,-3.57E+02
,,16.85,-3.58E+02
,,16.86,-3.58E+02
,,16.87,-3.59E+02
,,16.88,-3.60E+02
,,16.89,-3.61E+02
,,16.9,-3.62E+02
,,16.91,-3.63E+02
,,16.92,-3.64E+02
,,16.93,-3.65E+02
,,16.94,-3.66E+02
,,16.95,-3.67E+02
,,16.96,-3.68E+02
,,16.97,-3.68E+02
,,16.98,-3.69E+02
,,16.99,-3.69E+02
,,17,-3.69E+02
,,17.01,-3.69E+02
,,17.02,-3.69E+02
,,17.03,-3.69E+02
,,17.04,-3.69E+02
,,17.05,-3.69E+02
,,17.06,-3.69E+02
,,17.07,-3.69E+02
,,17.08,-3.70E+02
,,17.09,-3.70E+02
,,17.1,-3.70E+02
,,17.11,-3.71E+02
,,17.12,-3.71E+02
,,17.13,-3.71E+02
,,17.14,-3.71E+02
,,17.15,-3.71E+02
,,17.16,-3.71E+02
,,17.17,-3.71E+02
,,17.18,-3.71E+02
,,17.19,-3.71E+02
,,17.2,-3.71E+02
,,17.21,-3.71E+02
,,17.22,-3.71E+02
,,17.23,-3.71E+02
,,17.24,-3.71E+02
,,17.25,-3.71E+02
,,17.26,-3.71E+02
,,17.27,-3.71E+02
,,17.28,-3.78E+02
,,17.29,-3.85E+02
,,17.3,-3.85E+02
,,17.31,-3.85E+02
,,17.32,-3.85E+02
,,17.33,-3.85E+02
,,17.34,-3.85E+02
,,17.35,-3.85E+02
,,17.36,-3.85E+02
,,17.37,-3.85E+02
,,17.38,-3.85E+02
,,17.39,-3.96E+02
,,17.4,-3.97E+02
,,17.41,-3.99E+02
,,17.42,-4.00E+02
,,17.43,-4.00E+02
,,17.44,-4.01E+02
,,17.45,-4.01E+02
,,17.46,-4.02E+02
,,17.47,-4.02E+02
,,17.48,-4.02E+02
,,17.49,-4.03E+02
,,17.5,-4.03E+02
,,17.51,-4.04E+02
,,17.52,-4.04E+02
,,17.53,-4.05E+02
,,17.54,-4.05E+02
,,17.55,-4.06E+02
,,17.56,-4.06E+02
,,17.57,-4.06E+02
,,17.58,-4.07E+02
,,17.59,-4.07E+02
,,17.6,-4.08E+02
,,17.61,-4.08E+02
,,17.62,-4.09E+02
,,17.63,-4.10E+02
,,17.64,-4.10E+02
,,17.65,-4.11E+02
,,17.66,-4.12E+02
,,17.67,-4.12E+02
,,17.68,-4.12E+02
,,17.69,-4.12E+02
,,17.7,-4.12E+02
,,17.71,-4.13E+02
,,17.72,-4.13E+02
,,17.73,-4.13E+02
,,17.74,-4.13E+02
,,17.75,-4.13E+02
,,17.76,-4.13E+02
,,17.77,-4.14E+02
,,17.78,-4.14E+02
,,17.79,-4.14E+02
,,17.8,-4.15E+02
,,17.81,-4.15E+02
,,17.82,-4.16E+02
,,17.83,-4.16E+02
,,17.84,-4.17E+02
,,17.85,-4.18E+02
,,17.86,-4.19E+02
,,17.87,-4.20E+02
,,17.88,-4.20E+02
,,17.89,-4.21E+02
,,17.9,-4.22E+02
,,17.91,-4.22E+02
,,17.92,-4.23E+02
,,17.93,-4.24E+02
,,17.94,-4.25E+02
,,17.95,-4.26E+02
,,17.96,-4.26E+02
,,17.97,-4.27E+02
,,17.98,-4.27E+02
,,17.99,-4.27E+02
,,18,-4.27E+02
,,18.01,-4.27E+02
,,18.02,-4.27E+02
,,18.03,-4.28E+02
,,18.04,-4.28E+02
,,18.05,-4.29E+02
,,18.06,-4.30E+02
,,18.07,-4.30E+02
,,18.08,-4.31E+02
,,18.09,-4.31E+02
,,18.1,-4.31E+02
,,18.11,-4.31E+02
,,18.12,-4.31E+02
,,18.13,-4.30E+02
,,18.14,-4.30E+02
,,18.15,-4.30E+02
,,18.16,-4.29E+02
,,18.17,-4.29E+02
,,18.18,-4.29E+02
,,18.19,-4.29E+02
,,18.2,-4.29E+02
,,18.21,-4.29E+02
,,18.22,-4.29E+02
,,18.23,-4.29E+02
,,18.24,-4.29E+02
,,18.25,-4.29E+02
,,18.26,-4.29E+02
,,18.27,-4.29E+02
,,18.28,-4.29E+02
,,18.29,-4.30E+02
,,18.3,-4.30E+02
,,18.31,-4.30E+02
,,18.32,-4.30E+02
,,18.33,-4.30E+02
,,18.34,-4.30E+02
,,18.35,-4.30E+02
,,18.36,-4.31E+02
,,18.37,-4.33E+02
,,18.38,-4.34E+02
,,18.39,-4.35E+02
,,18.4,-4.36E+02
,,18.41,-4.36E+02
,,18.42,-4.36E+02
,,18.43,-4.37E+02
,,18.44,-4.37E+02
,,18.45,-4.37E+02
,,18.46,-4.37E+02
,,18.47,-4.38E+02
,,18.48,-4.38E+02
,,18.49,-4.38E+02
,,18.5,-4.39E+02
,,18.51,-4.39E+02
,,18.52,-4.40E+02
,,18.53,-4.41E+02
,,18.54,-4.42E+02
,,18.55,-4.42E+02
,,18.56,-4.43E+02
,,18.57,-4.43E+02
,,18.58,-4.44E+02
,,18.59,-4.44E+02
,,18.6,-4.44E+02
,,18.61,-4.44E+02
,,18.62,-4.44E+02
,,18.63,-4.44E+02
,,18.64,-4.44E+02
,,18.65,-4.44E+02
,,18.66,-4.44E+02
,,18.67,-4.45E+02
,,18.68,-4.47E+02
,,18.69,-4.48E+02
,,18.7,-4.49E+02
,,18.71,-4.50E+02
,,18.72,-4.50E+02
,,18.73,-4.51E+02
,,18.74,-4.51E+02
,,18.75,-4.51E+02
,,18.76,-4.52E+02
,,18.77,-4.52E+02
,,18.78,-4.52E+02
,,18.79,-4.52E+02
,,18.8,-4.53E+02
,,18.81,-4.53E+02
,,18.82,-4.53E+02
,,18.83,-4.53E+02
,,18.84,-4.53E+02
,,18.85,-4.54E+02
,,18.86,-4.54E+02
,,18.87,-4.54E+02
,,18.88,-4.54E+02
,,18.89,-4.54E+02
,,18.9,-4.54E+02
,,18.91,-4.54E+02
,,18.92,-4.54E+02
,,18.93,-4.54E+02
,,18.94,-4.54E+02
,,18.95,-4.54E+02
,,18.96,-4.54E+02
,,18.97,-4.54E+02
,,18.98,-4.54E+02
,,18.99,-4.55E+02
,,19,-4.55E+02
,,19.01,-4.55E+02
,,19.02,-4.56E+02
,,19.03,-4.56E+02
,,19.04,-4.56E+02
,,19.05,-4.56E+02
,,19.06,-4.56E+02
,,19.07,-4.56E+02
,,19.08,-4.56E+02
,,19.09,-4.56E+02
,,19.1,-4.56E+02
,,19.11,-4.56E+02
,,19.12,-4.57E+02
,,19.13,-4.57E+02
,,19.14,-4.57E+02
,,19.15,-4.58E+02
,,19.16,-4.58E+02
,,19.17,-4.59E+02
,,19.18,-4.59E+02
,,19.19,-4.59E+02
,,19.2,-4.59E+02
,,19.21,-4.59E+02
,,19.22,-4.59E+02
,,19.23,-4.59E+02
,,19.24,-4.59E+02
,,19.25,-4.59E+02
,,19.26,-4.59E+02
,,19.27,-4.59E+02
,,19.28,-4.60E+02
,,19.29,-4.60E+02
,,19.3,-4.60E+02
,,19.31,-4.60E+02
,,19.32,-4.60E+02
,,19.33,-4.60E+02
,,19.34,-4.60E+02
,,19.35,-4.59E+02
,,19.36,-4.59E+02
,,19.37,-4.59E+02
,,19.38,-4.59E+02
,,19.39,-4.59E+02
,,19.4,-4.59E+02
,,19.41,-4.59E+02
,,19.42,-4.59E+02
,,19.43,-4.59E+02
,,19.44,-4.59E+02
,,19.45,-4.59E+02
,,19.46,-4.59E+02
,,19.47,-4.60E+02
,,19.48,-4.60E+02
,,19.49,-4.60E+02
,,19.5,-4.60E+02
,,19.51,-4.60E+02
,,19.52,-4.60E+02
,,19.53,-4.60E+02
,,19.54,-4.60E+02
,,19.55,-4.60E+02
,,19.56,-4.60E+02
,,19.57,-4.60E+02
,,19.58,-4.60E+02
,,19.59,-4.60E+02
,,19.6,-4.60E+02
,,19.61,-4.60E+02
,,19.62,-4.60E+02
,,19.63,-4.60E+02
,,19.64,-4.60E+02
,,19.65,-4.60E+02
,,19.66,-4.60E+02
,,19.67,-4.60E+02
,,19.68,-4.60E+02
,,19.69,-4.60E+02
,,19.7,-4.60E+02
,,19.71,-4.60E+02
,,19.72,-4.60E+02
,,19.73,-4.60E+02
,,19.74,-4.60E+02
,,19.75,-4.60E+02
,,19.76,-4.60E+02
,,19.77,-4.60E+02
,,19.78,-4.61E+02
,,19.79,-4.61E+02
,,19.8,-4.61E+02
,,19.81,-4.61E+02
,,19.82,-4.61E+02
,,19.83,-4.62E+02
,,19.84,-4.62E+02
,,19.85,-4.62E+02
,,19.86,-4.63E+02
,,19.87,-4.63E+02
,,19.88,-4.63E+02
,,19.89,-4.63E+02
,,19.9,-4.63E+02
,,19.91,-4.63E+02
,,19.92,-4.63E+02
,,19.93,-4.63E+02
,,19.94,-4.63E+02
,,19.95,-4.63E+02
,,19.96,-4.62E+02
,,19.97,-4.62E+02
,,19.98,-4.61E+02
,,19.99,-4.61E+02
,,20,-4.61E+02
,,20.01,-4.61E+02
,,20.02,-4.61E+02
,,20.03,-4.62E+02
,,20.04,-4.62E+02
,,20.05,-4.62E+02
,,20.06,-4.62E+02
,,20.07,-4.63E+02
,,20.08,-4.63E+02
,,20.09,-4.63E+02
,,20.1,-4.63E+02
,,20.11,-4.63E+02
,,20.12,-4.63E+02
,,20.13,-4.63E+02
,,20.14,-4.63E+02
,,20.15,-4.63E+02
,,20.16,-4.63E+02
,,20.17,-4.63E+02
,,20.18,-4.63E+02
,,20.19,-4.63E+02
,,20.2,-4.63E+02
,,20.21,-4.63E+02
,,20.22,-4.63E+02
,,20.23,-4.63E+02
,,20.24,-4.63E+02
,,20.25,-4.63E+02
,,20.26,-4.63E+02
,,20.27,-4.63E+02
,,20.28,-4.63E+02
,,20.29,-4.63E+02
,,20.3,-4.63E+02
,,20.31,-4.63E+02
,,20.32,-4.63E+02
,,20.33,-4.62E+02
,,20.34,-4.62E+02
,,20.35,-4.62E+02
,,20.36,-4.61E+02
,,20.37,-4.60E+02
,,20.38,-4.60E+02
,,20.39,-4.60E+02
,,20.4,-4.59E+02
,,20.41,-4.59E+02
,,20.42,-4.58E+02
,,20.43,-4.57E+02
,,20.44,-4.57E+02
,,20.45,-4.56E+02
,,20.46,-4.56E+02
,,20.47,-4.55E+02
,,20.48,-4.55E+02
,,20.49,-4.55E+02
,,20.5,-4.55E+02
,,20.51,-4.55E+02
,,20.52,-4.55E+02
,,20.53,-4.55E+02
,,20.54,-4.55E+02
,,20.55,-4.55E+02
,,20.56,-4.55E+02
,,20.57,-4.55E+02
,,20.58,-4.55E+02
,,20.59,-4.48E+02
,,20.6,-4.47E+02
,,20.61,-4.46E+02
,,20.62,-4.46E+02
,,20.63,-4.45E+02
,,20.64,-4.45E+02
,,20.65,-4.44E+02
,,20.66,-4.44E+02
,,20.67,-4.44E+02
,,20.68,-4.43E+02
,,20.69,-4.43E+02
,,20.7,-4.42E+02
,,20.71,-4.41E+02
,,20.72,-4.41E+02
,,20.73,-4.40E+02
,,20.74,-4.39E+02
,,20.75,-4.38E+02
,,20.76,-4.38E+02
,,20.77,-4.37E+02
,,20.78,-4.35E+02
,,20.79,-4.34E+02
,,20.8,-4.33E+02
,,20.81,-4.30E+02
,,20.82,-4.27E+02
,,20.83,-4.24E+02
,,20.84,-4.21E+02
,,20.85,-4.18E+02
,,20.86,-4.15E+02
,,20.87,-4.13E+02
,,20.88,-4.11E+02
,,20.89,-4.11E+02
,,20.9,-4.11E+02
,,20.91,-4.10E+02
,,20.92,-4.09E+02
,,20.93,-4.06E+02
,,20.94,-4.03E+02
,,20.95,-4.00E+02
,,20.96,-3.97E+02
,,20.97,-3.93E+02
,,20.98,-3.90E+02
,,20.99,-3.88E+02
,,21,-3.86E+02
,,21.01,-3.84E+02
,,21.02,-3.82E+02
,,21.03,-3.80E+02
,,21.04,-3.78E+02
,,21.05,-3.76E+02
,,21.06,-3.75E+02
,,21.07,-3.73E+02
,,21.08,-3.71E+02
,,21.09,-3.70E+02
,,21.1,-3.69E+02
,,21.11,-3.67E+02
,,21.12,-3.66E+02
,,21.13,-3.64E+02
,,21.14,-3.63E+02
,,21.15,-3.61E+02
,,21.16,-3.60E+02
,,21.17,-3.59E+02
,,21.18,-3.59E+02
,,21.19,-3.59E+02
,,21.2,-3.59E+02
,,21.21,-3.59E+02
,,21.22,-3.59E+02
,,21.23,-3.59E+02
,,21.24,-3.59E+02
,,21.25,-3.59E+02
,,21.26,-3.59E+02
,,21.27,-3.59E+02
,,21.28,-3.54E+02
,,21.29,-3.48E+02
,,21.3,-3.46E+02
,,21.31,-3.45E+02
,,21.32,-3.43E+02
,,21.33,-3.42E+02
,,21.34,-3.41E+02
,,21.35,-3.40E+02
,,21.36,-3.39E+02
,,21.37,-3.39E+02
,,21.38,-3.38E+02
,,21.39,-3.37E+02
,,21.4,-3.35E+02
,,21.41,-3.34E+02
,,21.42,-3.32E+02
,,21.43,-3.30E+02
,,21.44,-3.29E+02
,,21.45,-3.27E+02
,,21.46,-3.26E+02
,,21.47,-3.25E+02
,,21.48,-3.24E+02
,,21.49,-3.24E+02
,,21.5,-3.24E+02
,,21.51,-3.24E+02
,,21.52,-3.24E+02
,,21.53,-3.24E+02
,,21.54,-3.24E+02
,,21.55,-3.23E+02
,,21.56,-3.21E+02
,,21.57,-3.19E+02
,,21.58,-3.17E+02
,,21.59,-3.16E+02
,,21.6,-3.15E+02
,,21.61,-3.14E+02
,,21.62,-3.14E+02
,,21.63,-3.14E+02
,,21.64,-3.13E+02
,,21.65,-3.13E+02
,,21.66,-3.13E+02
,,21.67,-3.12E+02
,,21.68,-3.12E+02
,,21.69,-3.12E+02
,,21.7,-3.11E+02
,,21.71,-3.11E+02
,,21.72,-3.10E+02
,,21.73,-3.09E+02
,,21.74,-3.08E+02
,,21.75,-3.08E+02
,,21.76,-3.07E+02
,,21.77,-3.07E+02
,,21.78,-3.06E+02
,,21.79,-3.06E+02
,,21.8,-3.06E+02
,,21.81,-3.06E+02
,,21.82,-3.06E+02
,,21.83,-3.06E+02
,,21.84,-3.06E+02
,,21.85,-3.06E+02
,,21.86,-3.06E+02
,,21.87,-3.05E+02
,,21.88,-3.03E+02
,,21.89,-3.01E+02
,,21.9,-3.01E+02
,,21.91,-3.00E+02
,,21.92,-2.99E+02
,,21.93,-2.99E+02
,,21.94,-2.99E+02
,,21.95,-2.98E+02
,,21.96,-2.98E+02
,,21.97,-2.98E+02
,,21.98,-2.97E+02
,,21.99,-2.97E+02
,,22,-2.96E+02
,,22.01,-2.96E+02
,,22.02,-2.95E+02
,,22.03,-2.94E+02
,,22.04,-2.94E+02
,,22.05,-2.93E+02
,,22.06,-2.93E+02
,,22.07,-2.92E+02
,,22.08,-2.92E+02
,,22.09,-2.92E+02
,,22.1,-2.92E+02
,,22.11,-2.92E+02
,,22.12,-2.92E+02
,,22.13,-2.92E+02
,,22.14,-2.92E+02
,,22.15,-2.92E+02
,,22.16,-2.92E+02
,,22.17,-2.92E+02
,,22.18,-2.92E+02
,,22.19,-2.88E+02
,,22.2,-2.88E+02
,,22.21,-2.88E+02
,,22.22,-2.88E+02
,,22.23,-2.88E+02
,,22.24,-2.88E+02
,,22.25,-2.88E+02
,,22.26,-2.88E+02
,,22.27,-2.88E+02
,,22.28,-2.86E+02
,,22.29,-2.84E+02
,,22.3,-2.83E+02
,,22.31,-2.83E+02
,,22.32,-2.82E+02
,,22.33,-2.82E+02
,,22.34,-2.82E+02
,,22.35,-2.81E+02
,,22.36,-2.81E+02
,,22.37,-2.81E+02
,,22.38,-2.80E+02
,,22.39,-2.80E+02
,,22.4,-2.80E+02
,,22.41,-2.79E+02
,,22.42,-2.79E+02
,,22.43,-2.79E+02
,,22.44,-2.78E+02
,,22.45,-2.78E+02
,,22.46,-2.78E+02
,,22.47,-2.77E+02
,,22.48,-2.77E+02
,,22.49,-2.77E+02
,,22.5,-2.77E+02
,,22.51,-2.77E+02
,,22.52,-2.77E+02
,,22.53,-2.77E+02
,,22.54,-2.76E+02
,,22.55,-2.76E+02
,,22.56,-2.75E+02
,,22.57,-2.75E+02
,,22.58,-2.74E+02
,,22.59,-2.74E+02
,,22.6,-2.74E+02
,,22.61,-2.73E+02
,,22.62,-2.73E+02
,,22.63,-2.72E+02
,,22.64,-2.72E+02
,,22.65,-2.71E+02
,,22.66,-2.71E+02
,,22.67,-2.70E+02
,,22.68,-2.70E+02
,,22.69,-2.69E+02
,,22.7,-2.68E+02
,,22.71,-2.68E+02
,,22.72,-2.67E+02
,,22.73,-2.66E+02
,,22.74,-2.65E+02
,,22.75,-2.64E+02
,,22.76,-2.64E+02
,,22.77,-2.63E+02
,,22.78,-2.63E+02
,,22.79,-2.63E+02
,,22.8,-2.63E+02
,,22.81,-2.63E+02
,,22.82,-2.63E+02
,,22.83,-2.62E+02
,,22.84,-2.62E+02
,,22.85,-2.61E+02
,,22.86,-2.59E+02
,,22.87,-2.58E+02
,,22.88,-2.56E+02
,,22.89,-2.54E+02
,,22.9,-2.52E+02
,,22.91,-2.50E+02
,,22.92,-2.47E+02
,,22.93,-2.44E+02
,,22.94,-2.41E+02
,,22.95,-2.38E+02
,,22.96,-2.34E+02
,,22.97,-2.30E+02
,,22.98,-2.26E+02
,,22.99,-2.22E+02
,,23,-2.17E+02
,,23.01,-2.11E+02
,,23.02,-2.04E+02
,,23.03,-1.96E+02
,,23.04,-1.89E+02
,,23.05,-1.82E+02
,,23.06,-1.75E+02
,,23.07,-1.70E+02
,,23.08,-1.67E+02
,,23.09,-1.66E+02
,,23.1,-1.66E+02
,,23.11,-1.66E+02
,,23.12,-1.66E+02
,,23.13,-1.66E+02
,,23.14,-1.66E+02
,,23.15,-1.59E+02
,,23.16,-1.45E+02
,,23.17,-1.27E+02
,,23.18,-1.12E+02
,,23.19,-1.06E+02
,,23.2,-1.06E+02
,,23.21,-1.06E+02
,,23.22,-1.06E+02
,,23.23,-1.06E+02
,,23.24,-1.06E+02
,,23.25,-1.06E+02
,,23.26,-1.06E+02
,,23.27,-1.06E+02
,,23.28,-91.85755113
,,23.29,-76.55
,,23.3,-74.32497435
,,23.31,-72.41725823
,,23.32,-70.80727937
,,23.33,-69.47546551
,,23.34,-68.40224436
,,23.35,-67.56804367
,,23.36,-66.95329116
,,23.37,-66.53841456
,,23.38,-66.30384159
,,23.39,-66.23
,,23.4,-66.23
,,23.41,-66.23
,,23.42,-66.23
,,23.43,-66.23
,,23.44,-66.23
,,23.45,-66.23
,,23.46,-66.23
,,23.47,-64.09658757
,,23.48,-59.80761958
,,23.49,-56.53
,,23.5,-55.00117747
,,23.51,-53.79472816
,,23.52,-52.83174732
,,23.53,-52.0333302
,,23.54,-51.32057207
,,23.55,-50.61456817
,,23.56,-49.83641376
,,23.57,-48.90720409
,,23.58,-47.74803442
,,23.59,-46.28
,,23.6,-43.76513761
,,23.61,-39.78909648
,,23.62,-34.75839048
,,23.63,-29.07953353
,,23.64,-23.15903953
,,23.65,-17.40342236
,,23.66,-12.21919592
,,23.67,-8.012874119
,,23.68,-5.190970846
,,23.69,-4.16
,,23.7,-4.16
,,23.71,-4.16
,,23.72,-4.16
,,23.73,-4.16
,,23.74,-4.16
,,23.75,-4.16
,,23.76,-4.16
,,23.77,-4.16
,,23.78,-4.16
,,23.79,64.87
,,23.8,76.71914365
,,23.81,86.74893811
,,23.82,95.09412736
,,23.83,1.02E+02
,,23.84,1.07E+02
,,23.85,1.11E+02
,,23.86,1.14E+02
,,23.87,1.16E+02
,,23.88,1.17E+02
,,23.89,1.18E+02
,,23.9,1.18E+02
,,23.91,1.18E+02
,,23.92,1.17E+02
,,23.93,1.17E+02
,,23.94,1.17E+02
,,23.95,1.16E+02
,,23.96,1.16E+02
,,23.97,1.16E+02
,,23.98,1.15E+02
,,23.99,1.15E+02
,,24,1.12E+02
,,24.01,1.07E+02
,,24.02,1.00E+02
,,24.03,91.97890048
,,24.04,82.95980944
,,24.05,73.99993365
,,24.06,65.80414396
,,24.07,59.07731122
,,24.08,54.52430628
,,24.09,52.85
,,24.1,52.85
,,24.11,51.12914952
,,24.12,46.51727023
,,24.13,39.84037037
,,24.14,31.92445816
,,24.15,23.59554184
,,24.16,15.67962963
,,24.17,9.002729767
,,24.18,4.39085048
,,24.19,2.67
,,24.2,2.67
,,24.21,2.67
,,24.22,2.67
,,24.23,2.67
,,24.24,2.67
,,24.25,2.67
,,24.26,2.67
,,24.27,2.67
,,24.28,26.5267449
,,24.29,53.09
,,24.3,58.15298651
,,24.31,62.53858609
,,24.32,66.28081997
,,24.33,69.41370936
,,24.34,71.97127548
,,24.35,73.98753957
,,24.36,75.49652284
,,24.37,76.53224652
,,24.38,77.12873183
,,24.39,77.32
,,24.4,77.32
,,24.41,77.32
,,24.42,77.32
,,24.43,72.58994169
,,24.44,60.39137026
,,24.45,43.71169096
,,24.46,25.53830904
,,24.47,8.858629738
,,24.48,-3.339941691
,,24.49,-8.07
,,24.5,-6.7232
,,24.51,-3.0676
,,24.52,2.3196
,,24.53,8.8612
,,24.54,15.98
,,24.55,23.0988
,,24.56,29.6404
,,24.57,35.0276
,,24.58,38.6832
,,24.59,40.03
,,24.6,39.18216
,,24.61,36.88088
,,24.62,33.48952
,,24.63,29.37144
,,24.64,24.89
,,24.65,20.40856
,,24.66,16.29048
,,24.67,12.89912
,,24.68,10.59784
,,24.69,9.75
,,24.7,9.75
,,24.71,9.75
,,24.72,9.75
,,24.73,9.75
,,24.74,9.75
,,24.75,7.585729471
,,24.76,1.960788412
,,24.77,-5.823017382
,,24.78,-14.46388212
,,24.79,-22.66
,,24.8,-31.41940544
,,24.81,-42.16183576
,,24.82,-54.20303951
,,24.83,-66.85876524
,,24.84,-79.44476149
,,24.85,-91.27677682
,,24.86,-1.02E+02
,,24.87,-1.10E+02
,,24.88,-1.15E+02
,,24.89,-1.17E+02
,,24.9,-1.16E+02
,,24.91,-1.13E+02
,,24.92,-1.08E+02
,,24.93,-1.02E+02
,,24.94,-95.44
,,24.95,-88.94576
,,24.96,-82.97808
,,24.97,-78.06352
,,24.98,-74.72864
,,24.99,-73.5
,,25,-73.5
,,25.01,-73.5
,,25.02,-73.5
,,25.03,-73.5
,,25.04,-73.5
,,25.05,-73.5
,,25.06,-73.5
,,25.07,-49.68444444
,,25.08,-5.455555556
,,25.09,18.36
,,25.1,16.74328
,,25.11,12.35504
,,25.12,5.88816
,,25.13,-1.96448
,,25.14,-10.51
,,25.15,-19.05552
,,25.16,-26.90816
,,25.17,-33.37504
,,25.18,-37.76328
,,25.19,-39.38
,,25.2,-39.38
,,25.21,-39.38
,,25.22,-39.38
,,25.23,-39.38
,,25.24,-39.38
,,25.25,-39.38
,,25.26,-39.38
,,25.27,-39.38
,,25.28,-31.02
,,25.29,-22.66
,,25.3,-22.66
,,25.31,-22.66
,,25.32,-22.66
,,25.33,-22.66
,,25.34,-22.66
,,25.35,-22.66
,,25.36,-22.66
,,25.37,-22.66
,,25.38,-22.66
,,25.39,2.98
,,25.4,3.921034381
,,25.41,4.696518528
,,25.42,5.322114247
,,25.43,5.813483344
,,25.44,6.186287625
,,25.45,6.456188896
,,25.46,6.638848963
,,25.47,6.749929632
,,25.48,6.805092709
,,25.49,6.82
,,25.5,6.681059197
,,25.51,6.295366033
,,25.52,5.709614377
,,25.53,4.970498098
,,25.54,4.124711066
,,25.55,3.218947148
,,25.56,2.299900213
,,25.57,1.414264131
,,25.58,0.60873277
,,25.59,-0.07
,,25.6,-0.70449277
,,25.61,-1.389944131
,,25.62,-2.098620213
,,25.63,-2.802787148
,,25.64,-3.474711066
,,25.65,-4.086658098
,,25.66,-4.610894377
,,25.67,-5.019686033
,,25.68,-5.285299197
,,25.69,-5.38
,,25.7,-5.38
,,25.71,-5.192167889
,,25.72,-4.683019709
,,25.73,-3.934077692
,,25.74,-3.02686407
,,25.75,-2.042901076
,,25.76,-1.06371094
,,25.77,-0.170815894
,,25.78,0.55426183
,,25.79,1.03
,,25.8,1.350314396
,,25.81,1.659864724
,,25.82,1.953244644
,,25.83,2.225047815
,,25.84,2.469867895
,,25.85,2.682298543
,,25.86,2.856933419
,,25.87,2.988366181
,,25.88,3.071190488
,,25.89,3.1
,,25.9,2.97008
,,25.91,2.61744
,,25.92,2.09776
,,25.93,1.46672
,,25.94,0.78
,,25.95,0.09328
,,25.96,-0.53776
,,25.97,-1.05744
,,25.98,-1.41008
,,25.99,-1.54
,,26,-1.54
,,26.01,-1.54
,,26.02,-1.54
,,26.03,-0.728483965
,,26.04,1.364373178
,,26.05,4.226034985
,,26.06,7.343965015
,,26.07,10.20562682
,,26.08,12.29848397
,,26.09,13.11
,,26.1,12.95292
,,26.11,12.52656
,,26.12,11.89824
,,26.13,11.13528
,,26.14,10.305
,,26.15,9.47472
,,26.16,8.71176
,,26.17,8.08344
,,26.18,7.65708
,,26.19,7.5
,,26.2,7.5
,,26.21,7.5
,,26.22,7.5
,,26.23,7.5
,,26.24,7.5
,,26.25,7.5
,,26.26,7.5
,,26.27,7.5
,,26.28,4.05
,,26.29,0.6
,,26.3,0.6
,,26.31,0.6
,,26.32,0.6
,,26.33,0.6
,,26.34,0.6
,,26.35,-0.45976
,,26.36,-2.98688
,,26.37,-6.00312
,,26.38,-8.53024
,,26.39,-9.59
,,26.4,-9.3576
,,26.41,-8.7268
,,26.42,-7.7972
,,26.43,-6.6684
,,26.44,-5.44
,,26.45,-4.2116
,,26.46,-3.0828
,,26.47,-2.1532
,,26.48,-1.5224
,,26.49,-1.29
,,26.5,-1.7002
,,26.51,-2.8136
,,26.52,-4.4544
,,26.53,-6.4468
,,26.54,-8.615
,,26.55,-10.7832
,,26.56,-12.7756
,,26.57,-14.4164
,,26.58,-15.5298
,,26.59,-15.94
,,26.6,-15.94
,,26.61,-15.94
,,26.62,-15.94
,,26.63,-15.94
,,26.64,-15.94
,,26.65,-15.94
,,26.66,-15.94
,,26.67,-23.37969831
,,26.68,-38.40161885
,,26.69,-50.06
,,26.7,-56.26761965
,,26.71,-62.17843105
,,26.72,-67.70843566
,,26.73,-72.77363493
,,26.74,-77.29003032
,,26.75,-81.17362329
,,26.76,-84.34041528
,,26.77,-86.70640776
,,26.78,-88.18760218
,,26.79,-88.7
,,26.8,-88.57008
,,26.81,-88.21744
,,26.82,-87.69776
,,26.83,-87.06672
,,26.84,-86.38
,,26.85,-85.69328
,,26.86,-85.06224
,,26.87,-84.54256
,,26.88,-84.18992
,,26.89,-84.06
,,26.9,-84.06
,,26.91,-84.06
,,26.92,-84.06
,,26.93,-84.06
,,26.94,-84.06
,,26.95,-84.06
,,26.96,-84.06
,,26.97,-84.06
,,26.98,-84.06
,,26.99,-50
,,27,-34.94992166
,,27.01,-21.84004308
,,27.02,-10.50062921
,,27.03,-0.761945002
,,27.04,7.545744591
,,27.05,14.59217462
,,27.06,20.54708012
,,27.07,25.58019616
,,27.08,29.86125777
,,27.09,33.56
,,27.1,36.97777033
,,27.11,40.26652595
,,27.12,43.37191652
,,27.13,46.23959169
,,27.14,48.81520112
,,27.15,51.04439446
,,27.16,52.87282136
,,27.17,54.24613149
,,27.18,55.10997448
,,27.19,55.41
,,27.2,55.41
,,27.21,55.41
,,27.22,55.41
,,27.23,55.41
,,27.24,55.41
,,27.25,55.41
,,27.26,55.41
,,27.27,55.41
,,27.28,31.76
,,27.29,8.11
,,27.3,8.11
,,27.31,8.164183813
,,27.32,8.309396433
,,27.33,8.51962963
,,27.34,8.768875171
,,27.35,9.031124829
,,27.36,9.28037037
,,27.37,9.490603567
,,27.38,9.635816187
,,27.39,9.69
,,27.4,9.3484
,,27.41,8.4212
,,27.42,7.0548
,,27.43,5.3956
,,27.44,3.59
,,27.45,1.7844
,,27.46,0.1252
,,27.47,-1.2412
,,27.48,-2.1684
,,27.49,-2.51
,,27.5,-2.25212
,,27.51,-1.55216
,,27.52,-0.52064
,,27.53,0.73192
,,27.54,2.095
,,27.55,3.45808
,,27.56,4.71064
,,27.57,5.74216
,,27.58,6.44212
,,27.59,6.7
,,27.6,6.7
,,27.61,6.7
,,27.62,6.7
,,27.63,6.886122449
,,27.64,7.366122449
,,27.65,8.02244898
,,27.66,8.73755102
,,27.67,9.393877551
,,27.68,9.873877551
,,27.69,10.06
,,27.7,9.785039833
,,27.71,9.037074963
,,27.72,7.931478833
,,27.73,6.583624889
,,27.74,5.108886574
,,27.75,3.622637333
,,27.76,2.240250611
,,27.77,1.077099852
,,27.78,0.2485585
,,27.79,-0.13
,,27.8,-0.2403185
,,27.81,-0.340779852
,,27.82,-0.430970611
,,27.83,-0.510477333
,,27.84,-0.578886574
,,27.85,-0.635784889
,,27.86,-0.680758833
,,27.87,-0.713394963
,,27.88,-0.733279833
,,27.89,-0.74
,,27.9,-0.74
,,27.91,-0.74
,,27.92,-0.74
,,27.93,-0.74
,,27.94,-0.74
,,27.95,-0.69008
,,27.96,-0.57104
,,27.97,-0.42896
,,27.98,-0.30992
,,27.99,-0.26
,,28,-0.36416
,,28.01,-0.64688
,,28.02,-1.06352
,,28.03,-1.56944
,,28.04,-2.12
,,28.05,-2.67056
,,28.06,-3.17648
,,28.07,-3.59312
,,28.08,-3.87584
,,28.09,-3.98
,,28.1,-3.86884
,,28.11,-3.56712
,,28.12,-3.12248
,,28.13,-2.58256
,,28.14,-1.995
,,28.15,-1.40744
,,28.16,-0.86752
,,28.17,-0.42288
,,28.18,-0.12116
,,28.19,-0.01
,,28.2,-0.01
,,28.21,-0.01
,,28.22,-0.01
,,28.23,-0.01
,,28.24,-0.01
,,28.25,-0.01
,,28.26,-0.01
,,28.27,-0.01
,,28.28,3.712453952
,,28.29,8.11
,,28.3,9.301018834
,,28.31,10.21372781
,,28.32,10.90815823
,,28.33,11.44434137
,,28.34,11.88230854
,,28.35,12.28209103
,,28.36,12.70372012
,,28.37,13.20722712
,,28.38,13.85264332
,,28.39,14.7
,,28.4,15.99535326
,,28.41,17.83747182
,,28.42,20.06545592
,,28.43,22.5184058
,,28.44,25.0354217
,,28.45,27.45560386
,,28.46,29.61805254
,,28.47,31.36186795
,,28.48,32.52615036
,,28.49,32.95
,,28.5,32.95
,,28.51,32.95
,,28.52,32.95
,,28.53,32.95
,,28.54,32.95
,,28.55,32.95
,,28.56,32.95
,,28.57,32.95
,,28.58,32.95
,,28.59,64.44
,,28.6,69.96919302
,,28.61,74.35869829
,,28.62,77.78829929
,,28.63,80.43777951
,,28.64,82.48692244
,,28.65,84.11551158
,,28.66,85.50333042
,,28.67,86.83016244
,,28.68,88.27579114
,,28.69,90.02
,,28.7,92.04467569
,,28.71,94.16358627
,,28.72,96.30433736
,,28.73,98.39453456
,,28.74,1.00E+02
,,28.75,1.02E+02
,,28.76,1.04E+02
,,28.77,1.05E+02
,,28.78,1.06E+02
,,28.79,1.06E+02
,,28.8,1.06E+02
,,28.81,1.06E+02
,,28.82,1.06E+02
,,28.83,1.05E+02
,,28.84,1.05E+02
,,28.85,1.05E+02
,,28.86,1.05E+02
,,28.87,1.05E+02
,,28.88,1.05E+02
,,28.89,1.05E+02
,,28.9,1.05E+02
,,28.91,1.04E+02
,,28.92,1.04E+02
,,28.93,1.03E+02
,,28.94,1.03E+02
,,28.95,1.01E+02
,,28.96,1.00E+02
,,28.97,99.102641
,,28.98,97.80593738
,,28.99,96.49
,,29,94.72691576
,,29.01,92.211857
,,29.02,89.16565452
,,29.03,85.80913912
,,29.04,82.3631416
,,29.05,79.04849275
,,29.06,76.08602337
,,29.07,73.69656425
,,29.08,72.1009462
,,29.09,71.52
,,29.1,72.4804
,,29.11,75.0872
,,29.12,78.9288
,,29.13,83.5936
,,29.14,88.67
,,29.15,93.7464
,,29.16,98.4112
,,29.17,1.02E+02
,,29.18,1.05E+02
,,29.19,1.06E+02
,,29.2,1.06E+02
,,29.21,1.06E+02
,,29.22,1.06E+02
,,29.23,1.06E+02
,,29.24,1.06E+02
,,29.25,1.06E+02
,,29.26,1.06E+02
,,29.27,1.06E+02
,,29.28,1.23E+02
,,29.29,1.43E+02
,,29.3,1.49E+02
,,29.31,1.53E+02
,,29.32,1.57E+02
,,29.33,1.60E+02
,,29.34,1.63E+02
,,29.35,1.65E+02
,,29.36,1.67E+02
,,29.37,1.70E+02
,,29.38,1.72E+02
,,29.39,1.75E+02
,,29.4,1.78E+02
,,29.41,1.81E+02
,,29.42,1.85E+02
,,29.43,1.89E+02
,,29.44,1.93E+02
,,29.45,1.96E+02
,,29.46,1.99E+02
,,29.47,2.01E+02
,,29.48,2.03E+02
,,29.49,2.03E+02
,,29.5,2.03E+02
,,29.51,2.03E+02
,,29.52,2.03E+02
,,29.53,2.03E+02
,,29.54,2.03E+02
,,29.55,2.00E+02
,,29.56,1.93E+02
,,29.57,1.84E+02
,,29.58,1.75E+02
,,29.59,1.67E+02
,,29.6,1.61E+02
,,29.61,1.55E+02
,,29.62,1.49E+02
,,29.63,1.43E+02
,,29.64,1.38E+02
,,29.65,1.33E+02
,,29.66,1.27E+02
,,29.67,1.22E+02
,,29.68,1.17E+02
,,29.69,1.11E+02
,,29.7,1.05E+02
,,29.71,98.18261716
,,29.72,90.96858064
,,29.73,83.6565443
,,29.74,76.57318082
,,29.75,70.04516287
,,29.76,64.39916313
,,29.77,59.96185429
,,29.78,57.05990902
,,29.79,56.02
,,29.8,56.02
,,29.81,56.02
,,29.82,56.02
,,29.83,56.02
,,29.84,56.02
,,29.85,56.02
,,29.86,56.02
,,29.87,42.30852181
,,29.88,15.87482141
,,29.89,-1.23
,,29.9,-6.046752012
,,29.91,-10.32233898
,,29.92,-14.0648018
,,29.93,-17.28218136
,,29.94,-19.98251854
,,29.95,-22.17385424
,,29.96,-23.86422934
,,29.97,-25.06168475
,,29.98,-25.77426133
,,29.99,-26.01
,,30,-25.9246
,,30.01,-25.6928
,,30.02,-25.3512
,,30.03,-24.9364
,,30.04,-24.485
,,30.05,-24.0336
,,30.06,-23.6188
,,30.07,-23.2772
,,30.08,-23.0454
,,30.09,-22.96
,,30.1,-22.96
,,30.11,-22.96
,,30.12,-22.96
,,30.13,-22.96
,,30.14,-22.96
,,30.15,-22.96
,,30.16,-22.96
,,30.17,-22.96
,,30.18,-22.96
,,30.19,-8.07
,,30.2,-8.07
,,30.21,-8.07
,,30.22,-8.07
,,30.23,-8.07
,,30.24,-8.07
,,30.25,-8.07
,,30.26,-8.07
,,30.27,-8.07
,,30.28,-2.24
,,30.29,3.59
,,30.3,3.53491847
,,30.31,3.381399004
,,30.32,3.147029288
,,30.33,2.849397011
,,30.34,2.506089858
,,30.35,2.134695516
,,30.36,1.752801673
,,30.37,1.377996014
,,30.38,1.027866228
,,30.39,0.72
,,30.4,0.415493772
,,30.41,0.074483986
,,30.42,-0.286881673
,,30.43,-0.652455516
,,30.44,-1.006089858
,,30.45,-1.331637011
,,30.46,-1.612949288
,,30.47,-1.833879004
,,30.48,-1.97827847
,,30.49,-2.03
,,30.5,-2.03
,,30.51,-1.941865569
,,30.52,-1.705665295
,,30.53,-1.363703704
,,30.54,-0.958285322
,,30.55,-0.531714678
,,30.56,-0.126296296
,,30.57,0.215665295
,,30.58,0.451865569
,,30.59,0.54
,,30.6,0.51088
,,30.61,0.43184
,,30.62,0.31536
,,30.63,0.17392
,,30.64,0.02
,,30.65,-0.13392
,,30.66,-0.27536
,,30.67,-0.39184
,,30.68,-0.47088
,,30.69,-0.5
,,30.7,-0.49132
,,30.71,-0.46776
,,30.72,-0.43304
,,30.73,-0.39088
,,30.74,-0.345
,,30.75,-0.29912
,,30.76,-0.25696
,,30.77,-0.22224
,,30.78,-0.19868
,,30.79,-0.19
,,30.8,-0.19
,,30.81,-0.19
,,30.82,-0.19
,,30.83,-0.176705539
,,30.84,-0.142419825
,,30.85,-0.095539359
,,30.86,-0.044460641
,,30.87,0.002419825
,,30.88,0.036705539
,,30.89,0.05
,,30.9,0.04132
,,30.91,0.01776
,,30.92,-0.01696
,,30.93,-0.05912
,,30.94,-0.105
,,30.95,-0.15088
,,30.96,-0.19304
,,30.97,-0.22776
,,30.98,-0.25132
,,30.99,-0.26
,,31,-0.25636
,,31.01,-0.24648
,,31.02,-0.23192
,,31.03,-0.21424
,,31.04,-0.195
,,31.05,-0.17576
,,31.06,-0.15808
,,31.07,-0.14352
,,31.08,-0.13364
,,31.09,-0.13
,,31.1,-0.13
,,31.11,-0.13
,,31.12,-0.13
,,31.13,-0.13
,,31.14,-0.13
,,31.15,-0.13
,,31.16,-0.13
,,31.17,-0.13
,,31.18,-0.13
,,31.19,-0.13
,,31.2,-0.13
,,31.21,-0.13
,,31.22,-0.13
,,31.23,-0.13
,,31.24,-0.13
,,31.25,-0.13
,,31.26,-0.13
,,31.27,-0.13
,,31.28,-0.16
,,31.29,-0.19
,,31.3,-0.18832
,,31.31,-0.18376
,,31.32,-0.17704
,,31.33,-0.16888
,,31.34,-0.16
,,31.35,-0.15112
,,31.36,-0.14296
,,31.37,-0.13624
,,31.38,-0.13168
,,31.39,-0.13
,,31.4,-0.13
,,31.41,-0.13
,,31.42,-0.13
,,31.43,-0.13
,,31.44,-0.13
,,31.45,-0.13
,,31.46,-0.13
,,31.47,-0.145555556
,,31.48,-0.174444444
,,31.49,-0.19
,,31.5,-0.19
,,31.51,-0.19
,,31.52,-0.19
,,31.53,-0.19
,,31.54,-0.19
,,31.55,-0.19
,,31.56,-0.19
,,31.57,-0.19
,,31.58,-0.19
,,31.59,-0.19
,,31.6,-0.18496
,,31.61,-0.17128
,,31.62,-0.15112
,,31.63,-0.12664
,,31.64,-0.1
,,31.65,-0.07336
,,31.66,-0.04888
,,31.67,-0.02872
,,31.68,-0.01504
,,31.69,-0.01
,,31.7,-0.01
,,31.71,-0.01
,,31.72,-0.01
,,31.73,-0.01
,,31.74,-0.01
,,31.75,-0.01
,,31.76,-0.01
,,31.77,-0.01
,,31.78,-0.01
,,31.79,0.17
,,31.8,0.166256
,,31.81,0.155888
,,31.82,0.140192
,,31.83,0.120464
,,31.84,0.098
,,31.85,0.074096
,,31.86,0.050048
,,31.87,0.027152
,,31.88,0.006704
,,31.89,-0.01
,,31.9,-0.025024
,,31.91,-0.040912
,,31.92,-0.057088
,,31.93,-0.072976
,,31.94,-0.088
,,31.95,-0.101584
,,31.96,-0.113152
,,31.97,-0.122128
,,31.98,-0.127936
,,31.99,-0.13
,,32,-0.12328
,,32.01,-0.10504
,,32.02,-0.07816
,,32.03,-0.04552
,,32.04,-0.01
,,32.05,0.02552
,,32.06,0.05816
,,32.07,0.08504
,,32.08,0.10328
,,32.09,0.11
,,32.1,0.11
,,32.11,0.107942387
,,32.12,0.102427984
,,32.13,0.094444444
,,32.14,0.084979424
,,32.15,0.075020576
,,32.16,0.065555556
,,32.17,0.057572016
,,32.18,0.052057613
,,32.19,0.05
,,32.2,0.05
,,32.21,0.05
,,32.22,0.05
,,32.23,0.05
,,32.24,0.05
,,32.25,0.05
,,32.26,0.05
,,32.27,0.05
,,32.28,-0.004130435
,,32.29,-0.07
,,32.3,-0.092377391
,,32.31,-0.112532174
,,32.32,-0.130433043
,,32.33,-0.146048696
,,32.34,-0.159347826
,,32.35,-0.17029913
,,32.36,-0.178871304
,,32.37,-0.185033043
,,32.38,-0.188753043
,,32.39,-0.19
,,32.4,-0.19
,,32.41,-0.19
,,32.42,-0.19
,,32.43,-0.18335277
,,32.44,-0.166209913
,,32.45,-0.142769679
,,32.46,-0.117230321
,,32.47,-0.093790087
,,32.48,-0.07664723
,,32.49,-0.07
,,32.5,-0.07
,,32.51,-0.07
,,32.52,-0.07
,,32.53,-0.07
,,32.54,-0.07
,,32.55,-0.07
,,32.56,-0.07
,,32.57,-0.07
,,32.58,-0.07
,,32.59,-0.07
,,32.6,-0.06496
,,32.61,-0.05128
,,32.62,-0.03112
,,32.63,-0.00664
,,32.64,0.02
,,32.65,0.04664
,,32.66,0.07112
,,32.67,0.09128
,,32.68,0.10496
,,32.69,0.11
,,32.7,0.11
,,32.71,0.11
,,32.72,0.11
,,32.73,0.11
,,32.74,0.11
,,32.75,0.08504
,,32.76,0.02552
,,32.77,-0.04552
,,32.78,-0.10504
,,32.79,-0.13
,,32.8,-0.13
,,32.81,-0.13
,,32.82,-0.13
,,32.83,-0.13
,,32.84,-0.13
,,32.85,-0.13
,,32.86,-0.13
,,32.87,-0.13
,,32.88,-0.13
,,32.89,-0.13
,,32.9,-0.12832
,,32.91,-0.12376
,,32.92,-0.11704
,,32.93,-0.10888
,,32.94,-0.1
,,32.95,-0.09112
,,32.96,-0.08296
,,32.97,-0.07624
,,32.98,-0.07168
,,32.99,-0.07
,,33,-0.07
,,33.01,-0.07
,,33.02,-0.07
,,33.03,-0.07
,,33.04,-0.07
,,33.05,-0.07
,,33.06,-0.07
,,33.07,-0.054444444
,,33.08,-0.025555556
,,33.09,-0.01
,,33.1,-0.01168
,,33.11,-0.01624
,,33.12,-0.02296
,,33.13,-0.03112
,,33.14,-0.04
,,33.15,-0.04888
,,33.16,-0.05704
,,33.17,-0.06376
,,33.18,-0.06832
,,33.19,-0.07
,,33.2,-0.07
,,33.21,-0.07
,,33.22,-0.07
,,33.23,-0.07
,,33.24,-0.07
,,33.25,-0.07
,,33.26,-0.07
,,33.27,-0.07
,,33.28,-0.07
,,33.29,-0.07
,,33.3,-0.07
,,33.31,-0.07
,,33.32,-0.07
,,33.33,-0.07
,,33.34,-0.07
,,33.35,-0.07
,,33.36,-0.07
,,33.37,-0.07
,,33.38,-0.07
,,33.39,-0.07
,,33.4,-0.07
,,33.41,-0.07
,,33.42,-0.07
,,33.43,-0.07
,,33.44,-0.07
,,33.45,-0.07
,,33.46,-0.07
,,33.47,-0.07
,,33.48,-0.07
,,33.49,-0.07
,,33.5,-0.07
,,33.51,-0.07
,,33.52,-0.07
,,33.53,-0.07
,,33.54,-0.07
,,33.55,-0.07
,,33.56,-0.07
,,33.57,-0.07
,,33.58,-0.07
,,33.59,-0.07
,,33.6,-0.06664
,,33.61,-0.05752
,,33.62,-0.04408
,,33.63,-0.02776
,,33.64,-0.01
,,33.65,0.00776
,,33.66,0.02408
,,33.67,0.03752
,,33.68,0.04664
,,33.69,0.05
,,33.7,0.05
,,33.71,0.04382716
,,33.72,0.027283951
,,33.73,0.003333333
,,33.74,-0.025061728
,,33.75,-0.054938272
,,33.76,-0.083333333
,,33.77,-0.107283951
,,33.78,-0.12382716
,,33.79,-0.13
,,33.8,-0.12496
,,33.81,-0.11128
,,33.82,-0.09112
,,33.83,-0.06664
,,33.84,-0.04
,,33.85,-0.01336
,,33.86,0.01112
,,33.87,0.03128
,,33.88,0.04496
,,33.89,0.05
,,33.9,0.05
,,33.91,0.05
,,33.92,0.05
,,33.93,0.05
,,33.94,0.05
,,33.95,0.05
,,33.96,0.05
,,33.97,0.05
,,33.98,0.05
,,33.99,0.05
,,34,0.05
,,34.01,0.05
,,34.02,0.05
,,34.03,0.047549797
,,34.04,0.041016331
,,34.05,0.031625313
,,34.06,0.020602459
,,34.07,0.00917348
,,34.08,-0.001435911
,,34.09,-0.01
,,34.1,-0.017457622
,,34.11,-0.02537007
,,34.12,-0.033445315
,,34.13,-0.041391329
,,34.14,-0.048916084
,,34.15,-0.055727552
,,34.16,-0.061533706
,,34.17,-0.066042517
,,34.18,-0.068961958
,,34.19,-0.07
,,34.2,-0.07
,,34.21,-0.07
,,34.22,-0.07
,,34.23,-0.07
,,34.24,-0.07
,,34.25,-0.07
,,34.26,-0.07
,,34.27,-0.07
,,34.28,-0.04
,,34.29,-0.01
,,34.3,-0.01
,,34.31,-0.01
,,34.32,-0.01
,,34.33,-0.01
,,34.34,-0.01
,,34.35,-0.01
,,34.36,-0.01
,,34.37,-0.01
,,34.38,-0.01
,,34.39,-0.01
,,34.4,-0.01168
,,34.41,-0.01624
,,34.42,-0.02296
,,34.43,-0.03112
,,34.44,-0.04
,,34.45,-0.04888
,,34.46,-0.05704
,,34.47,-0.06376
,,34.48,-0.06832
,,34.49,-0.07
,,34.5,-0.06496
,,34.51,-0.05128
,,34.52,-0.03112
,,34.53,-0.00664
,,34.54,0.02
,,34.55,0.04664
,,34.56,0.07112
,,34.57,0.09128
,,34.58,0.10496
,,34.59,0.11
,,34.6,0.11
,,34.61,0.11
,,34.62,0.11
,,34.63,0.11
,,34.64,0.11
,,34.65,0.11
,,34.66,0.11
,,34.67,0.086831732
,,34.68,0.036996797
,,34.69,-0.01
,,34.7,-0.047631663
,,34.71,-0.087990776
,,34.72,-0.129501907
,,34.73,-0.170589623
,,34.74,-0.209678492
,,34.75,-0.245193082
,,34.76,-0.27555796
,,34.77,-0.299197694
,,34.78,-0.314536851
,,34.79,-0.32
,,34.8,-0.313
,,34.81,-0.294
,,34.82,-0.266
,,34.83,-0.232
,,34.84,-0.195
,,34.85,-0.158
,,34.86,-0.124
,,34.87,-0.096
,,34.88,-0.077
,,34.89,-0.07
,,34.9,-0.07
,,34.91,-0.07
,,34.92,-0.07
,,34.93,-0.07
,,34.94,-0.07
,,34.95,-0.07
,,34.96,-0.07
,,34.97,-0.07
,,34.98,-0.07
,,34.99,0.11
,,35,0.10886
,,35.01,0.10568
,,35.02,0.10082
,,35.03,0.09464
,,35.04,0.0875
,,35.05,0.07976
,,35.06,0.07178
,,35.07,0.06392
,,35.08,0.05654
,,35.09,0.05
,,35.1,0.04346
,,35.11,0.03608
,,35.12,0.02822
,,35.13,0.02024
,,35.14,0.0125
,,35.15,0.00536
,,35.16,-8.20E-04
,,35.17,-0.00568
,,35.18,-0.00886
,,35.19,-0.01
,,35.2,-0.01
,,35.21,-0.01
,,35.22,-0.01
,,35.23,-0.01
,,35.24,-0.01
,,35.25,-0.01
,,35.26,-0.01
,,35.27,-0.01
,,35.28,-0.07
,,35.29,-0.13
,,35.3,-0.13
,,35.31,-0.132057613
,,35.32,-0.137572016
,,35.33,-0.145555556
,,35.34,-0.155020576
,,35.35,-0.164979424
,,35.36,-0.174444444
,,35.37,-0.182427984
,,35.38,-0.187942387
,,35.39,-0.19
,,35.4,-0.18886
,,35.41,-0.18568
,,35.42,-0.18082
,,35.43,-0.17464
,,35.44,-0.1675
,,35.45,-0.15976
,,35.46,-0.15178
,,35.47,-0.14392
,,35.48,-0.13654
,,35.49,-0.13
,,35.5,-0.12346
,,35.51,-0.11608
,,35.52,-0.10822
,,35.53,-0.10024
,,35.54,-0.0925
,,35.55,-0.08536
,,35.56,-0.07918
,,35.57,-0.07432
,,35.58,-0.07114
,,35.59,-0.07
,,35.6,-0.07
,,35.61,-0.07
,,35.62,-0.07
,,35.63,-0.07
,,35.64,-0.07
,,35.65,-0.07
,,35.66,-0.07
,,35.67,-0.07
,,35.68,-0.07
,,35.69,-0.07
,,35.7,-0.06832
,,35.71,-0.06376
,,35.72,-0.05704
,,35.73,-0.04888
,,35.74,-0.04
,,35.75,-0.03112
,,35.76,-0.02296
,,35.77,-0.01624
,,35.78,-0.01168
,,35.79,-0.01
,,35.8,-0.01
,,35.81,-0.01
,,35.82,-0.01
,,35.83,-0.01
,,35.84,-0.01
,,35.85,-0.01
,,35.86,-0.01
,,35.87,-0.01
,,35.88,-0.01
,,35.89,-0.01
,,35.9,-0.01
,,35.91,-0.01
,,35.92,-0.01
,,35.93,-0.01
,,35.94,-0.01
,,35.95,0.00872
,,35.96,0.05336
,,35.97,0.10664
,,35.98,0.15128
,,35.99,0.17
,,36,0.16496
,,36.01,0.15128
,,36.02,0.13112
,,36.03,0.10664
,,36.04,0.08
,,36.05,0.05336
,,36.06,0.02888
,,36.07,0.00872
,,36.08,-0.00496
,,36.09,-0.01
,,36.1,-0.01
,,36.11,-0.01
,,36.12,-0.01
,,36.13,-0.01
,,36.14,-0.01
,,36.15,-0.01
,,36.16,-0.01
,,36.17,-0.01
,,36.18,-0.01
,,36.19,-0.01
,,36.2,-0.01
,,36.21,-0.01
,,36.22,-0.01
,,36.23,-0.01
,,36.24,-0.01
,,36.25,-0.01
,,36.26,-0.01
,,36.27,-0.01
,,36.28,-0.04
,,36.29,-0.07
,,36.3,-0.06496
,,36.31,-0.05128
,,36.32,-0.03112
,,36.33,-0.00664
,,36.34,0.02
,,36.35,0.04664
,,36.36,0.07112
,,36.37,0.09128
,,36.38,0.10496
,,36.39,0.11
,,36.4,0.1016
,,36.41,0.0788
,,36.42,0.0452
,,36.43,0.0044
,,36.44,-0.04
,,36.45,-0.0844
,,36.46,-0.1252
,,36.47,-0.1588
,,36.48,-0.1816
,,36.49,-0.19
,,36.5,-0.19
,,36.51,-0.19
,,36.52,-0.19
,,36.53,-0.19
,,36.54,-0.19
,,36.55,-0.19
,,36.56,-0.19
,,36.57,-0.19
,,36.58,-0.19
,,36.59,-0.07
,,36.6,-0.056030345
,,36.61,-0.04433931
,,36.62,-0.034736552
,,36.63,-0.027031724
,,36.64,-0.021034483
,,36.65,-0.016554483
,,36.66,-0.013401379
,,36.67,-0.011384828
,,36.68,-0.010314483
,,36.69,-0.01
,,36.7,-0.01336
,,36.71,-0.02248
,,36.72,-0.03592
,,36.73,-0.05224
,,36.74,-0.07
,,36.75,-0.08776
,,36.76,-0.10408
,,36.77,-0.11752
,,36.78,-0.12664
,,36.79,-0.13
,,36.8,-0.12496
,,36.81,-0.11128
,,36.82,-0.09112
,,36.83,-0.06664
,,36.84,-0.04
,,36.85,-0.01336
,,36.86,0.01112
,,36.87,0.03128
,,36.88,0.04496
,,36.89,0.05
,,36.9,0.05
,,36.91,0.05
,,36.92,0.05
,,36.93,0.05
,,36.94,0.05
,,36.95,0.05
,,36.96,0.05
,,36.97,0.05
,,36.98,0.05
,,36.99,0.05
,,37,0.04496
,,37.01,0.03128
,,37.02,0.01112
,,37.03,-0.01336
,,37.04,-0.04
,,37.05,-0.06664
,,37.06,-0.09112
,,37.07,-0.11128
,,37.08,-0.12496
,,37.09,-0.13
,,37.1,-0.12664
,,37.11,-0.11752
,,37.12,-0.10408
,,37.13,-0.08776
,,37.14,-0.07
,,37.15,-0.05224
,,37.16,-0.03592
,,37.17,-0.02248
,,37.18,-0.01336
,,37.19,-0.01
,,37.2,-0.01
,,37.21,-0.01
,,37.22,-0.01
,,37.23,-0.01
,,37.24,-0.01
,,37.25,-0.01
,,37.26,-0.01
,,37.27,-0.01
,,37.28,0.017065217
,,37.29,0.05
,,37.3,0.061188696
,,37.31,0.071266087
,,37.32,0.080216522
,,37.33,0.088024348
,,37.34,0.094673913
,,37.35,0.100149565
,,37.36,0.104435652
,,37.37,0.107516522
,,37.38,0.109376522
,,37.39,0.11
,,37.4,0.10496
,,37.41,0.09128
,,37.42,0.07112
,,37.43,0.04664
,,37.44,0.02
,,37.45,-0.00664
,,37.46,-0.03112
,,37.47,-0.05128
,,37.48,-0.06496
,,37.49,-0.07
,,37.5,-0.07
,,37.51,-0.07
,,37.52,-0.07
,,37.53,-0.07
,,37.54,-0.07
,,37.55,-0.06568
,,37.56,-0.05464
,,37.57,-0.03976
,,37.58,-0.02392
,,37.59,-0.01
,,37.6,0.00308
,,37.61,0.01784
,,37.62,0.03356
,,37.63,0.04952
,,37.64,0.065
,,37.65,0.07928
,,37.66,0.09164
,,37.67,0.10136
,,37.68,0.10772
,,37.69,0.11
,,37.7,0.10832
,,37.71,0.10376
,,37.72,0.09704
,,37.73,0.08888
,,37.74,0.08
,,37.75,0.07112
,,37.76,0.06296
,,37.77,0.05624
,,37.78,0.05168
,,37.79,0.05
,,37.8,0.05
,,37.81,0.05
,,37.82,0.05
,,37.83,0.05
,,37.84,0.05
,,37.85,0.05
,,37.86,0.05
,,37.87,0.081111111
,,37.88,0.138888889
,,37.89,0.17
,,37.9,0.16496
,,37.91,0.15128
,,37.92,0.13112
,,37.93,0.10664
,,37.94,0.08
,,37.95,0.05336
,,37.96,0.02888
,,37.97,0.00872
,,37.98,-0.00496
,,37.99,-0.01
,,38,-0.00832
,,38.01,-0.00376
,,38.02,0.00296
,,38.03,0.01112
,,38.04,0.02
,,38.05,0.02888
,,38.06,0.03704
,,38.07,0.04376
,,38.08,0.04832
,,38.09,0.05
,,38.1,0.05
,,38.11,0.05
,,38.12,0.05
,,38.13,0.05
,,38.14,0.05
,,38.15,0.05
,,38.16,0.05
,,38.17,0.05
,,38.18,0.05
,,38.19,-0.13
,,38.2,-0.13
,,38.21,-0.13
,,38.22,-0.13
,,38.23,-0.13
,,38.24,-0.13
,,38.25,-0.13
,,38.26,-0.13
,,38.27,-0.13
,,38.28,-0.07
,,38.29,-0.01
,,38.3,-0.01336
,,38.31,-0.02248
,,38.32,-0.03592
,,38.33,-0.05224
,,38.34,-0.07
,,38.35,-0.08776
,,38.36,-0.10408
,,38.37,-0.11752
,,38.38,-0.12664
,,38.39,-0.13
,,38.4,-0.12496
,,38.41,-0.11128
,,38.42,-0.09112
,,38.43,-0.06664
,,38.44,-0.04
,,38.45,-0.01336
,,38.46,0.01112
,,38.47,0.03128
,,38.48,0.04496
,,38.49,0.05
,,38.5,0.05
,,38.51,0.045884774
,,38.52,0.034855967
,,38.53,0.018888889
,,38.54,-4.12E-05
,,38.55,-0.019958848
,,38.56,-0.038888889
,,38.57,-0.054855967
,,38.58,-0.065884774
,,38.59,-0.07
,,38.6,-0.07
,,38.61,-0.07
,,38.62,-0.07
,,38.63,-0.07
,,38.64,-0.07
,,38.65,-0.07
,,38.66,-0.07
,,38.67,-0.07
,,38.68,-0.07
,,38.69,-0.07
,,38.7,-0.07
,,38.71,-0.07
,,38.72,-0.07
,,38.73,-0.07
,,38.74,-0.07
,,38.75,-0.07
,,38.76,-0.07
,,38.77,-0.07
,,38.78,-0.07
,,38.79,-0.07
,,38.8,-0.07
,,38.81,-0.07
,,38.82,-0.07
,,38.83,-0.07
,,38.84,-0.07
,,38.85,-0.07
,,38.86,-0.07
,,38.87,-0.07
,,38.88,-0.07
,,38.89,-0.07
,,38.9,-0.06832
,,38.91,-0.06376
,,38.92,-0.05704
,,38.93,-0.04888
,,38.94,-0.04
,,38.95,-0.03112
,,38.96,-0.02296
,,38.97,-0.01624
,,38.98,-0.01168
,,38.99,-0.01
,,39,-0.017
,,39.01,-0.036
,,39.02,-0.064
,,39.03,-0.098
,,39.04,-0.135
,,39.05,-0.172
,,39.06,-0.206
,,39.07,-0.234
,,39.08,-0.253
,,39.09,-0.26
,,39.1,-0.26
,,39.11,-0.26
,,39.12,-0.26
,,39.13,-0.26
,,39.14,-0.26
,,39.15,-0.24648
,,39.16,-0.21424
,,39.17,-0.17576
,,39.18,-0.14352
,,39.19,-0.13
,,39.2,-0.13
,,39.21,-0.13
,,39.22,-0.13
,,39.23,-0.13
,,39.24,-0.13
,,39.25,-0.13
,,39.26,-0.13
,,39.27,-0.13
,,39.28,-0.04
,,39.29,0.05
,,39.3,0.04832
,,39.31,0.04376
,,39.32,0.03704
,,39.33,0.02888
,,39.34,0.02
,,39.35,0.01112
,,39.36,0.00296
,,39.37,-0.00376
,,39.38,-0.00832
,,39.39,-0.01
,,39.4,-0.01
,,39.41,-0.01
,,39.42,-0.01
,,39.43,-0.01
,,39.44,-0.01
,,39.45,-0.01
,,39.46,-0.01
,,39.47,0.005555556
,,39.48,0.034444444
,,39.49,0.05
,,39.5,0.05
,,39.51,0.05
,,39.52,0.05
,,39.53,0.05
,,39.54,0.05
,,39.55,0.05
,,39.56,0.05
,,39.57,0.05
,,39.58,0.05
,,39.59,0.05
,,39.6,0.04496
,,39.61,0.03128
,,39.62,0.01112
,,39.63,-0.01336
,,39.64,-0.04
,,39.65,-0.06664
,,39.66,-0.09112
,,39.67,-0.11128
,,39.68,-0.12496
,,39.69,-0.13
,,39.7,-0.13
,,39.71,-0.13
,,39.72,-0.13
,,39.73,-0.13
,,39.74,-0.13
,,39.75,-0.13
,,39.76,-0.13
,,39.77,-0.13
,,39.78,-0.13
,,39.79,-0.01
,,39.8,0.003969655
,,39.81,0.01566069
,,39.82,0.025263448
,,39.83,0.032968276
,,39.84,0.038965517
,,39.85,0.043445517
,,39.86,0.046598621
,,39.87,0.048615172
,,39.88,0.049685517
,,39.89,0.05
,,39.9,0.05
,,39.91,0.05
,,39.92,0.05
,,39.93,0.05
