time,roll_acceleration
34.99000000000004,542.922098509337
35.000000000000036,1262.5603551675204
35.01000000000003,1853.5101957268778
35.02000000000003,2161.4150288510123
35.03000000000004,2173.3255450515076
35.040000000000035,1917.5657612633681
35.05000000000003,1435.0546200871904
35.06000000000003,766.4681891605039
35.070000000000036,30.837483106889575
35.080000000000034,-687.9053333615052
35.09000000000003,-1235.043879012137
35.10000000000004,-1626.6426802333033
35.110000000000035,-1848.9927507953003
35.12000000000003,-1876.4639368174087
35.13000000000003,-1730.1447838074614
35.140000000000036,-1434.740789450685
35.150000000000034,-1001.9573271065517
35.16000000000003,-495.7195675308143
35.17000000000004,9.789736597151789
35.180000000000035,434.2211065889687
35.19000000000003,707.6015866463262
35.20000000000003,924.3330897269375
35.210000000000036,1181.6391183443486
35.220000000000034,1444.1908182240047
35.23000000000003,1669.2266775372689
35.24000000000004,1891.4812994456158
35.250000000000036,2115.0794495015657
35.26000000000003,2335.1750218788507
35.27000000000003,2603.7390068199143
35.28000000000004,2818.1149437519857
35.290000000000035,3040.756606364214
35.30000000000003,3078.0615197011634
35.31000000000004,2773.429267773551
35.320000000000036,2265.3636695183372
35.330000000000034,1530.2967174332002
35.34000000000003,608.4881712957626
35.35000000000004,-406.0351133829676
35.360000000000035,-1443.9220785496661
35.37000000000003,-2401.7822773230173
35.38000000000004,-3057.9409546843312
35.390000000000036,-3408.7503334469056
35.400000000000034,-3349.382667176404
35.41000000000003,-2804.4264204812134
35.42000000000004,-1897.636264253942
35.430000000000035,-770.2668680224617
35.44000000000003,535.7360376775216
35.45000000000003,1909.8097602936402
35.460000000000036,3162.2221354680114
35.470000000000034,4164.404956823641
35.48000000000003,4744.4364905878265
35.49000000000004,4911.2147838089595
35.500000000000036,4590.290802196553
35.51000000000003,3684.0244274461234
35.52000000000003,2384.6476197605098
35.53000000000004,847.3194449242122
35.540000000000035,-918.9385784012156
35.55000000000003,-2711.032650168523
35.56000000000004,-4413.607927743975
35.570000000000036,-5861.914011315876
35.580000000000034,-6912.6071511043565
35.59000000000003,-7556.547183014882
35.60000000000004,-7654.748692961682
35.610000000000035,-7066.940553018231
35.62000000000003,-6019.2942862440905
35.63000000000004,-4732.492183946138
35.640000000000036,-3257.569847530615
35.650000000000034,-1673.8626287544037
35.66000000000003,-204.06353622820185
35.67000000000004,988.5542549484094
35.680000000000035,1839.7041699971487
35.69000000000003,2340.1746692374745
35.70000000000003,2349.6892254930767
35.710000000000036,1916.686204705622
35.720000000000034,1169.2091930001163
35.73000000000003,341.0452264742803
35.74000000000004,-602.9305454985155
35.750000000000036,-1536.0770555846616
35.76000000000003,-2326.2114364896997
35.77000000000003,-2818.572870110308
35.78000000000004,-2943.5225457249544
35.790000000000035,-2875.9979311290977
35.80000000000003,-2672.374552752261
35.81000000000004,-2410.405244500663
35.820000000000036,-2143.3276194712735
35.830000000000034,-2050.4131768325083
35.84000000000003,-2041.450176157409
35.85000000000004,-1975.5288661745092
35.860000000000035,-1905.2024664897963
35.87000000000003,-1961.3672807663522
35.88000000000004,-2086.0762615169187
35.890000000000036,-2107.1111970198094
35.900000000000034,-2145.3251476452238
35.91000000000003,-2047.6024068125541
35.92000000000004,-1755.9835767644959
35.930000000000035,-1226.4804806908899
35.94000000000003,-739.3431808366311
35.95000000000004,-366.08480932759403
35.960000000000036,-10.932078722153543
35.970000000000034,368.0896460343845
35.98000000000003,714.0179294732676
35.99000000000004,1072.312123915531
36.000000000000036,1442.4825254720934
36.01000000000003,1812.6548384178902
36.02000000000004,2253.2566552456537
36.03000000000004,2725.3662021266273
36.040000000000035,3201.0623553042915
36.05000000000003,3649.1199648652096
36.06000000000004,3919.593647138663
36.070000000000036,3917.5084569086484
36.080000000000034,3577.8528117095993
36.09000000000003,3078.9600256503727
36.10000000000004,2384.5337344800073
36.110000000000035,1658.2090742475234
36.12000000000003,947.3770650617818
36.13000000000004,335.5323861738416
36.140000000000036,-177.04338169908974
36.150000000000034,-612.2716520601949
36.16000000000003,-834.0345327153968
36.17000000000004,-585.0593597902604
36.180000000000035,-51.77187077523944
36.19000000000003,654.1096193795479
36.20000000000004,1518.653826656613
36.210000000000036,2374.1796815076423
36.220000000000034,3148.5013403552116
36.23000000000003,3612.233367578659
36.24000000000004,3795.14776492264
36.250000000000036,3654.0094661063085
36.26000000000003,3170.107511059423
36.27000000000004,2285.0336889192968
36.28000000000004,1138.4677599422305
36.290000000000035,-183.1380772755141
36.30000000000003,-1415.0550876399584
36.31000000000004,-2338.9166805030386
36.320000000000036,-2851.35562031675
36.330000000000034,-3072.2717802470997
36.34000000000003,-2901.303118804021
36.35000000000004,-2571.7997094194607
36.360000000000035,-2038.1129850461155
36.37000000000003,-1046.7936635570832
36.38000000000004,280.9026678819318
36.390000000000036,1691.117244312678
36.400000000000034,3025.941308408503
36.41000000000003,4150.664069106544
36.42000000000004,5062.672231360347
36.430000000000035,5723.984273106782
36.44000000000003,6115.601362518629
36.45000000000004,6091.439532739281
36.460000000000036,5656.153653261351
36.470000000000034,4505.250238081665
36.48000000000003,2839.548616130442
36.49000000000004,714.331596718247
36.500000000000036,-1551.2915070651652
36.51000000000003,-3670.736252410828
36.52000000000004,-5328.308438545556
36.53000000000004,-6320.719258393955
36.540000000000035,-6424.795429480376
36.55000000000003,-5741.553415865696
36.56000000000004,-4533.785814654094
36.570000000000036,-2951.747324129833
36.580000000000034,-1259.1827558237676
36.59000000000004,462.8787057590508
36.60000000000004,1993.5754628328805
36.610000000000035,3188.385870994726
36.62000000000003,3948.156682753463
36.63000000000004,4298.422879365698
36.640000000000036,4157.805423052491
36.650000000000034,3816.9226039931327
36.66000000000004,3400.8007819622176
36.67000000000004,2918.074425340441
36.680000000000035,2463.0701699303777
36.69000000000003,1989.6577605593027
36.70000000000004,1447.5270415093253
36.710000000000036,923.6451549176098
36.720000000000034,429.79971587035493
36.73000000000003,-91.88186713507183
36.74000000000004,-518.2376767268253
36.750000000000036,-829.0926675758612
36.76000000000003,-1106.0546045254744
36.77000000000004,-1277.8246358836407
36.78000000000004,-1303.3492293079908
36.790000000000035,-1105.5596077471803
36.80000000000003,-667.6001766694238
36.81000000000004,11.997849658136762
36.820000000000036,810.5399280146996
36.830000000000034,1744.5301657360155
36.84000000000004,2572.6212855244926
36.85000000000004,3200.9376549565904
36.860000000000035,3681.819793798666
36.87000000000003,3931.31586311171
36.88000000000004,3949.865069394273
36.890000000000036,3731.4022718799492
36.900000000000034,3297.6105333931064
36.91000000000004,2725.616202317509
36.92000000000004,2122.4496024606374
36.930000000000035,1360.3607706357805
36.94000000000003,671.9108738605432
36.95000000000004,180.3723834443427
36.960000000000036,-162.09535463466048
36.970000000000034,-325.0953859849819
36.98000000000003,-264.74450183951086
36.99000000000004,-28.68623562435809
37.000000000000036,240.0206337641139
37.01000000000003,566.6120305032294
37.02000000000004,859.096543960783
37.03000000000004,1109.3201308307428
37.040000000000035,1269.481614590305
37.05000000000003,1110.9824775185505
37.06000000000004,680.8636981839272
37.070000000000036,115.46099961814087
37.080000000000034,-568.1681979393726
37.09000000000004,-1319.128975433926
37.10000000000004,-1951.2463840455712
37.110000000000035,-2423.8919143826283
37.12000000000003,-2731.0213160576254
37.13000000000004,-2869.731583565792
37.140000000000036,-2886.8913642525954
37.150000000000034,-2872.882053330983
37.16000000000004,-2846.4820939985825
37.17000000000004,-2745.8460911934617
37.180000000000035,-2600.5260575813104
37.19000000000003,-2431.4190336030683
37.20000000000004,-2201.754861377279
37.210000000000036,-1984.2538777812806
37.220000000000034,-1775.3307534010169
37.23000000000004,-1531.287451527042
37.24000000000004,-1181.201902035965
37.250000000000036,-755.6398866806179
37.26000000000003,-341.3844471611192
37.27000000000004,-43.601610509458474
37.28000000000004,97.48324149758642
37.290000000000035,44.529369364635
37.30000000000004,-94.57101910173273
37.31000000000004,-254.88388982814445
37.320000000000036,-403.09042767304135
37.330000000000034,-407.13682156758364
37.34000000000004,-242.29787290874125
37.35000000000004,-26.43790535333183
37.360000000000035,188.52701960595604
37.37000000000003,446.43151816245535
37.38000000000004,737.9112070425538
37.390000000000036,957.7248689892849
37.400000000000034,1087.3862560153004
37.41000000000004,1093.3577715998188
37.42000000000004,960.2685827576826
37.430000000000035,586.345384137913
37.44000000000003,94.5832993619759
37.45000000000004,-338.1892451996511
37.460000000000036,-631.3739035178941
37.470000000000034,-740.9622860953413
37.48000000000004,-732.557642905511
37.49000000000004,-613.5922644631432
37.500000000000036,-434.3821419150962
37.51000000000003,-282.5483257698632
37.52000000000004,-201.00773436162592
37.53000000000004,-158.73685767411573
37.540000000000035,-171.06724338817577
37.55000000000004,-215.13141336438184
37.56000000000004,-291.2019080543697
37.570000000000036,-353.63255838400494
37.580000000000034,-347.05949304612153
37.59000000000004,-247.68932606068168
37.60000000000004,-98.10670064108511
37.610000000000035,81.6683974695898
37.62000000000003,323.78343279413514
37.63000000000004,498.5641754765802
37.640000000000036,565.5505441177911
37.650000000000034,544.3041378529111
37.66000000000004,429.7450666072473
37.67000000000004,282.30410894022697
37.680000000000035,91.40004906483041
37.69000000000003,-114.35232903338046
37.70000000000004,-316.61981720647583
37.710000000000036,-457.7804819661528
37.720000000000034,-507.469843037031
37.73000000000004,-465.3282634563481
37.74000000000004,-373.8001394420583
37.750000000000036,-292.4757263566439
37.76000000000003,-260.6242095805515
37.77000000000004,-272.27960652147164
37.78000000000004,-303.11127296542014
37.790000000000035,-353.3529419436324
37.80000000000004,-402.75986049286007
37.81000000000004,-470.9476046192656
37.820000000000036,-500.95698588731534
37.830000000000034,-489.9605991830343
37.84000000000004,-452.81973477292377
37.85000000000004,-402.85587541204757
37.860000000000035,-338.20971481654055
37.87000000000004,-258.1587234681471
37.88000000000004,-182.5323322379476
37.890000000000036,-104.98032987484578
37.900000000000034,-44.26755222552372
37.91000000000004,-23.12394922285284
37.92000000000004,-46.060965856630716
37.930000000000035,-72.74398403931477
37.94000000000004,-87.30259534257841
37.95000000000004,-82.08600941402383
37.960000000000036,-67.68126349598758
37.970000000000034,-56.578783885886345
37.98000000000004,-36.38999924094866
37.99000000000004,-7.381642886336597
38.000000000000036,46.63817293413348
38.01000000000003,105.05615219890497
38.02000000000004,175.80375127242473
38.03000000000004,251.75850082214848
38.040000000000035,310.8877937558499
38.05000000000004,352.8603737829377
38.06000000000004,374.66965960272864
38.070000000000036,381.31204495695016
38.080000000000034,381.22688470043585
38.09000000000004,370.7363338622454
38.10000000000004,362.50389685595263
38.110000000000035,358.5077339726608
38.12000000000004,342.2089656986456
38.13000000000004,304.6461879465489
38.140000000000036,252.03012943700307
38.150000000000034,192.57070861661907
38.16000000000004,132.66073187693647
38.17000000000004,87.7838431843266
38.180000000000035,53.332834236341895
38.19000000000004,25.029875583997732
38.20000000000004,-0.49352151187588894
38.210000000000036,-28.218142077453717
38.220000000000034,-49.39170770268383
38.23000000000004,-50.057604732446705
38.24000000000004,-48.84966708778565
38.250000000000036,-55.625130865115246
38.26000000000003,-68.73191185502081
38.27000000000004,-92.93030517367099
38.28000000000004,-126.57151568732462
38.290000000000035,-147.42235734612615
38.30000000000004,-157.1840682608363
38.31000000000004,-155.277987079147
38.320000000000036,-153.9759323364553
38.330000000000034,-150.90154490356443
38.34000000000004,-140.4502624888775
38.35000000000004,-139.1101017301064
38.360000000000035,-134.39196625250025
38.37000000000004,-122.12867582473552
38.38000000000004,-108.30865330212647
38.390000000000036,-95.32441264249343
38.400000000000034,-90.65361240559089
38.41000000000004,-91.50509753041685
38.42000000000004,-92.59194670510699
38.430000000000035,-80.27622510655382
38.44000000000004,-66.39388007934711
38.45000000000004,-52.73844102225721
38.460000000000036,-34.85076371318205
38.470000000000034,-16.667067264631807
38.48000000000004,-9.374058435906443
38.49000000000004,-9.231484345758952
38.500000000000036,-10.862068260194835
38.51000000000004,-11.214816126765356
38.52000000000004,-14.617487642482892
38.53000000000004,-19.77400239127468
38.540000000000035,-22.824500035362284
38.55000000000004,-25.89543059105664
38.56000000000004,-26.375483628155486
38.570000000000036,-25.73684008797435
38.58000000000004,-22.889695555546744
38.59000000000004,-20.303103159744275
38.60000000000004,-18.9732517920846
38.610000000000035,-20.441026463379107
38.62000000000004,-22.025767473549532
38.63000000000004,-18.993365410412412
38.640000000000036,-14.64471629156887
38.650000000000034,-11.143649052635789
38.66000000000004,-7.39100286686853
38.67000000000004,-2.577461656300545
38.680000000000035,2.087999446864942
38.69000000000004,5.155813474933482
38.70000000000004,7.632110765881073
38.710000000000036,8.70805396515217
38.720000000000034,8.217660451228243
38.73000000000004,7.073682067901881
38.74000000000004,5.934719171382912
38.750000000000036,4.0231239175468785
38.76000000000004,3.8418432197054777
38.77000000000004,4.259008463252919
38.78000000000004,3.229667522744537
38.790000000000035,2.4146933837409246
38.80000000000004,0.5248707628392341
38.81000000000004,-1.0862600357888625
38.820000000000036,-1.271068927165989
38.83000000000004,-1.661807390343377
38.84000000000004,-1.5648489698198451
38.85000000000004,-1.0633560547114873
38.860000000000035,-0.5826417546381161
38.87000000000004,0.10852413664724163
38.88000000000004,0.6967980880707105
38.890000000000036,1.2620424032712492
38.900000000000034,1.53503740301987
38.91000000000004,1.7191792693596541
38.92000000000004,1.485026701048562
38.930000000000035,1.1827486074481441
38.94000000000004,1.1092575055879053
38.95000000000004,0.44796163624698354
38.960000000000036,-0.018333838040441565
38.970000000000034,0.30166725053862514
38.98000000000004,0.9283660362929266
38.99000000000004,1.4777438271593941
39.000000000000036,1.7584546307042175
39.01000000000004,1.387451924955068
39.02000000000004,0.9047695261296903
39.03000000000004,0.7464660973922354
39.040000000000035,0.6089235044074296
39.05000000000004,0.005212580864405657
39.06000000000004,-0.7474687019092374
39.070000000000036,-1.5429881523209863
39.08000000000004,-2.0807782272738113
39.09000000000004,-1.782379626670953
39.10000000000004,-1.649457102169101
39.110000000000035,-0.8758447062160298
39.12000000000004,-0.24491805801082875
39.13000000000004,0.26760810425075177
39.140000000000036,1.1914895680912483
39.15000000000004,1.5297553342521413
39.16000000000004,1.3883328170622031
39.17000000000004,1.1800128848136249
39.180000000000035,0.9342993139976365
39.19000000000004,0.6271417711681674
39.20000000000004,0.2856815727235943
39.210000000000036,0.038405126910649144
39.22000000000004,-0.048448229420064375
39.23000000000004,-0.15746577433232117
39.24000000000004,-0.24157907841167073
39.250000000000036,-0.3182119748620978
39.26000000000004,-0.2826621414453786
39.27000000000004,-0.21700688055232187
39.28000000000004,-0.23444121816296848
39.290000000000035,-0.15998022775289997
39.30000000000004,0.01713472305618037
39.31000000000004,0.2956636801747234
39.320000000000036,0.5012209917919584
39.33000000000004,0.5954670575279691
39.34000000000004,0.7234537375134069
39.35000000000004,0.8869151254690087
39.360000000000035,0.9084335919214844
39.37000000000004,0.807566857512449
39.38000000000004,0.60824490268587
39.390000000000036,0.31254504327498006
39.40000000000004,-0.017851294284660552
39.41000000000004,-0.28771271380155267
39.42000000000004,-0.45721683473210556
39.430000000000035,-0.5065669426982217
39.44000000000004,-0.4785878556195378
39.45000000000004,-0.3633567378984431
39.460000000000036,-0.13574292748933692
39.47000000000004,0.18856357711770033
39.48000000000004,0.4984773256219554
39.49000000000004,0.7736758980373691
39.500000000000036,0.963353785629795
39.51000000000004,1.0690674902283952
39.52000000000004,1.0803365658639847
39.53000000000004,0.9786563317853028
39.540000000000035,0.7940528146607921
39.55000000000004,0.556624700995583
39.56000000000004,0.23828363521502505
39.570000000000036,-0.13879555146166606
39.58000000000004,-0.5033224656259421
39.59000000000004,-0.8101758412713518
39.60000000000004,-1.0315310278090732
39.610000000000035,-1.1596991266232408
39.62000000000004,-1.171491361149473
39.63000000000004,-1.0431197504223015
39.640000000000036,-0.8087976174306205
39.65000000000004,-0.5110589989120061
39.66000000000004,-0.16357799372151516
39.67000000000004,0.21571973847132417
39.680000000000035,0.5610130669994227
39.69000000000004,0.8509742479660765
39.70000000000004,1.0410284326513284
39.710000000000036,1.1421233519965803
39.72000000000004,1.1553842693219403
39.73000000000004,1.0969262501581973
39.74000000000004,1.0010629700746894
39.750000000000036,0.8854200011986441
39.76000000000004,0.7710866530875949
39.77000000000004,0.6489061675590923
39.78000000000004,0.502746686111999
39.79000000000004,0.33101120620804625
39.80000000000004,0.14535194876385005
39.81000000000004,-0.061820164152847856
39.820000000000036,-0.30112111323085083
39.83000000000004,-0.5748181489824851
39.84000000000004,-0.8846186254446285
39.85000000000004,-1.189601402759558
39.86000000000004,-1.4594150827256591
39.87000000000004,-1.656825283832452
39.88000000000004,-1.73100931476608
39.890000000000036,-1.6409519578666467
39.90000000000004,-1.4158424719131408
39.91000000000004,-1.1103671696735222
39.92000000000004,-0.779715077432404
39.930000000000035,-0.45791913586728206
39.94000000000004,-0.17036729351995825
39.95000000000004,0.08143529922814462
39.960000000000036,0.29853518378403476
39.97000000000004,0.49062432500224157
39.98000000000004,0.6241459288480627
39.99000000000004,0.6688544622524882
40.000000000000036,0.6463389998395946
40.01000000000004,0.6042031960404611
40.02000000000004,0.5250122609532443
40.03000000000004,0.4701542895681359
40.04000000000004,0.4502649342411485
40.05000000000004,0.4571879426974318
40.06000000000004,0.45098621805270356
40.070000000000036,0.354178775954656
40.08000000000004,0.1940720330204283
40.09000000000004,0.029066625792152023
40.10000000000004,-0.15493366944431772
40.11000000000004,-0.354667196498172
40.12000000000004,-0.5413041102375915
40.13000000000004,-0.7442269630707028
40.140000000000036,-0.9585155368405367
40.15000000000004,-1.1704587704922536
40.16000000000004,-1.3150518725172413
40.17000000000004,-1.3301239242494687
40.180000000000035,-1.2171779698567378
40.19000000000004,-0.9923368599103637
40.20000000000004,-0.647245205833952
40.210000000000036,-0.19736670507648155
40.22000000000004,0.2646196817441186
40.23000000000004,0.7190109468495897
40.24000000000004,1.1154958072564458
40.250000000000036,1.433688648483837
40.26000000000004,1.639687686228704
40.27000000000004,1.6554017381914874
40.28000000000004,1.5015152367844493
40.29000000000004,1.2459238002482727
40.30000000000004,0.8687139483304839
40.31000000000004,0.4140631579533361
40.320000000000036,-0.026108492775177117
40.33000000000004,-0.41741658225996137
40.34000000000004,-0.744888196042926
40.35000000000004,-1.0258316302451134
40.36000000000004,-1.2295748795401378
40.37000000000004,-1.3094636597819316
40.38000000000004,-1.295108669377937
40.390000000000036,-1.210367439934972
40.40000000000004,-1.0816435312902424
40.41000000000004,-0.9027746895473038
40.42000000000004,-0.6624105568485763
40.43000000000004,-0.35304759434646393
40.44000000000004,-0.023210818928473247
40.45000000000004,0.2858645683008955
40.460000000000036,0.5354108233929489
40.47000000000004,0.7133993692260319
40.48000000000004,0.8156895874037455
40.49000000000004,0.8641778571168874
40.50000000000004,0.862710168210668
40.51000000000004,0.7887275439820203
40.52000000000004,0.6544309754845613
40.53000000000004,0.4856313126158763
40.54000000000004,0.2842715218465665
40.55000000000004,0.06536231284046048
40.56000000000004,-0.15380933248995424
40.570000000000036,-0.3179775008020849
40.58000000000004,-0.4100828200775515
40.59000000000004,-0.4032566317355212
40.60000000000004,-0.31439559534033024
40.61000000000004,-0.1518038431816372
40.62000000000004,0.07089722516327097
40.63000000000004,0.3536759875889985
40.640000000000036,0.6632572266354174
40.65000000000004,0.9787424974540558
40.66000000000004,1.2510021320220077
40.67000000000004,1.4283370410649432
40.68000000000004,1.5060089916248813
40.69000000000004,1.4543661591828994
40.70000000000004,1.2669294999698668
40.710000000000036,0.935679949402342
40.72000000000004,0.5095475004356005
40.73000000000004,0.029042451610762576
40.74000000000004,-0.42725758248778495
40.75000000000004,-0.7957375979475058
40.76000000000004,-1.126131466171732
40.77000000000004,-1.4494866582567076
40.78000000000004,-1.7605106490633708
40.79000000000004,-1.9958816690623593
40.80000000000004,-2.1466518252971167
40.81000000000004,-2.196677530086381
40.820000000000036,-2.1731087285312367
40.83000000000004,-2.038428730576482
40.84000000000004,-1.8612124684975575
40.85000000000004,-1.6548991887080973
40.86000000000004,-1.3979584173384698
40.87000000000004,-1.0889846272342945
40.88000000000004,-0.7568897349238963
40.890000000000036,-0.37153713564594626
40.90000000000004,0.045297360446077066
40.91000000000004,0.4493303948911675
40.92000000000004,0.8065071336650288
40.93000000000004,1.0699808983844974
40.94000000000004,1.2570935296686605
40.95000000000004,1.3661456283348032
40.960000000000036,1.4341341650334247
40.97000000000004,1.4050746714429898
40.98000000000004,1.2460755516475157
40.99000000000004,1.0436115176545635
41.00000000000004,0.8410115190160713
41.01000000000004,0.6445101360152355
41.02000000000004,0.47827003373683635
41.03000000000004,0.3772621250687321
41.04000000000004,0.34945789426814333
41.05000000000004,0.4616426663446927
41.06000000000004,0.6294312034667483
41.07000000000004,0.8727072421148591
41.08000000000004,1.0505028028400134
41.09000000000004,1.1193413535038006
41.10000000000004,1.0152057727668138
41.11000000000004,0.7642287892740866
41.12000000000004,0.41539340108755085
41.13000000000004,-0.005957483008993681
41.14000000000004,-0.4125057078726143
41.15000000000004,-0.8339246648256433
41.16000000000004,-1.1439718680486954
41.17000000000004,-1.3239957829815727
41.18000000000004,-1.4065633851419377
41.19000000000004,-1.3071930033658226
41.20000000000004,-1.0261135213191015
41.210000000000036,-0.5953109436072641
41.22000000000004,-0.047457088638647574
41.23000000000004,0.5005206247248225
41.24000000000004,0.9472850705404053
41.25000000000004,1.3106636101310387
41.26000000000004,1.538064475793008
41.27000000000004,1.6470514676943095
41.28000000000004,1.5694644347515718
41.29000000000004,1.3516571266414377
41.30000000000004,0.9725613504883163
41.31000000000004,0.44898024302999123
41.32000000000004,-0.13441136724745295
41.33000000000004,-0.6772851678127083
41.34000000000004,-1.127860067597782
41.35000000000004,-1.4605188733765946
41.36000000000004,-1.6580614330477426
41.37000000000004,-1.6732505774888684
41.38000000000004,-1.5759700712442748
41.39000000000004,-1.3807121440192238
41.40000000000004,-1.142402167110304
41.41000000000004,-0.8049911506447204
41.42000000000004,-0.4326350113409767
41.43000000000004,-0.05303996146276387
41.44000000000004,0.2787703481527621
41.45000000000004,0.5272203794754479
41.460000000000036,0.7260109661205539
41.47000000000004,0.9105282448626091
41.48000000000004,1.0202214286099294
41.49000000000004,1.093243920659925
41.50000000000004,1.085126914599978
41.51000000000004,1.0486632989545173
41.52000000000004,0.9943516661556764
41.53000000000004,0.9502503582532404
41.54000000000004,0.8619155961765474
41.55000000000004,0.7919941166816448
41.56000000000004,0.7114337066159208
41.57000000000004,0.6700826555627013
41.58000000000004,0.6023310659167859
41.59000000000004,0.5218699735605489
41.60000000000004,0.35399942404231965
41.61000000000004,0.1314458387634483
41.62000000000004,-0.08893812733994172
41.63000000000004,-0.2157440071789439
41.64000000000004,-0.28303188442607935
41.65000000000004,-0.303507083897157
41.66000000000004,-0.32176024497484507
41.67000000000004,-0.3592960686107056
41.68000000000004,-0.362644251728172
41.69000000000004,-0.3317259402026873
41.70000000000004,-0.30505933868716156
41.71000000000004,-0.2789488110964506
41.72000000000004,-0.2531432737868046
41.73000000000004,-0.2527448012209894
41.74000000000004,-0.27069922256711726
41.75000000000004,-0.35390151628640637
41.76000000000004,-0.4361315433864474
41.77000000000004,-0.5159585520315871
41.780000000000044,-0.6277244036847535
41.79000000000004,-0.6129162992396862
41.80000000000004,-0.5404283043524813
41.81000000000004,-0.47296565245212147
41.82000000000004,-0.44587134349972213
41.83000000000004,-0.3970704519036854
41.84000000000004,-0.3312022308709078
41.85000000000004,-0.29310744856887583
41.86000000000004,-0.21827020877617082
41.87000000000004,-0.19173717185566913
41.88000000000004,-0.18746024298773528
41.89000000000004,-0.23911410336474645
41.90000000000004,-0.28258519081793454
41.91000000000004,-0.3402101355693549
41.92000000000004,-0.3756063426166751
41.93000000000004,-0.38203867862380914
41.94000000000004,-0.27272539134457824
41.95000000000004,-0.11291197184426442
41.96000000000004,0.13879925262896461
41.97000000000004,0.42510825323417867
41.98000000000004,0.6230494906885831
41.99000000000004,0.8145613045411023
42.00000000000004,0.9183309265148405
42.01000000000004,0.9514222139177603
42.02000000000004,0.8645524917165415
42.030000000000044,0.63325315459073
42.04000000000004,0.3288297658485467
42.05000000000004,-0.13477106083101215
42.06000000000004,-0.6515517593812513
42.07000000000004,-1.1676961975346298
42.08000000000004,-1.6179355519978502
42.09000000000004,-1.9757326838848084
42.10000000000004,-2.1375105719988006
42.11000000000004,-2.1511215043361385
42.12000000000004,-2.056451361891545
42.13000000000004,-1.7689903557762088
42.14000000000004,-1.3592558231442897
42.15000000000004,-0.8778541934351395
42.16000000000004,-0.3433064042929347
42.17000000000004,0.19163791629487803
42.18000000000004,0.6729907211303361
42.19000000000004,1.0373226603082102
42.20000000000004,1.2861805184143995
42.21000000000004,1.4555582389515367
42.22000000000004,1.4958751392381922
42.23000000000004,1.4356248639275566
42.24000000000004,1.304020750724458
42.25000000000004,1.127739257487751
42.26000000000004,0.8959111878005149
42.27000000000004,0.6086837004280916
42.280000000000044,0.3298922242081703
42.29000000000004,0.10655759425825238
42.30000000000004,-0.021040026466239065
42.31000000000004,-0.10499789797364857
42.32000000000004,-0.24358563647920384
42.33000000000004,-0.40453057903201406
42.34000000000004,-0.5878701152848028
42.350000000000044,-0.8225206124934826
42.36000000000004,-1.0830010451452254
42.37000000000004,-1.3100447807953104
42.38000000000004,-1.424374689893928
42.39000000000004,-1.4682427673502814
42.40000000000004,-1.4356324815217076
42.41000000000004,-1.3094681155481553
42.420000000000044,-1.076794210518055
42.43000000000004,-0.723697763735303
42.44000000000004,-0.27820328802881095
42.45000000000004,0.22829980745552003
42.46000000000004,0.7515193354253302
42.47000000000004,1.1338342105279202
42.48000000000004,1.4313262249035847
42.49000000000004,1.6341920159366818
42.50000000000004,1.7730628491827316
42.51000000000004,1.803478255569621
42.52000000000004,1.711047485168088
42.530000000000044,1.4821919145505889
42.54000000000004,1.1971522393300964
42.55000000000004,0.8630909630954098
42.56000000000004,0.4825791950576419
42.57000000000004,0.1518907422336489
42.58000000000004,-0.16709257679133135
42.59000000000004,-0.38106704410906816
42.600000000000044,-0.5451160369566895
42.61000000000004,-0.6850711500816412
42.62000000000004,-0.8157730954076207
42.63000000000004,-0.8955906833180749
42.64000000000004,-0.9390968860364303
42.65000000000004,-0.902585933952122
42.66000000000004,-0.803458205443432
42.670000000000044,-0.7448090151157464
42.68000000000004,-0.6930965830143867
42.69000000000004,-0.6694678842181148
42.70000000000004,-0.6106181691585907
42.71000000000004,-0.5054906362234065
42.72000000000004,-0.3545749903378308
42.73000000000004,-0.21308767811130433
42.74000000000004,-0.02547386084172132
42.75000000000004,0.17930198346142479
42.76000000000004,0.3514678228409471
42.77000000000004,0.5287888428835024
42.780000000000044,0.6513745097260069
42.79000000000004,0.7785879211638038
42.80000000000004,0.9110760852765192
42.81000000000004,1.0258508191684153
42.82000000000004,1.0615933777320654
42.83000000000004,1.0738779999851011
42.84000000000004,1.020193655735987
42.850000000000044,0.9269479643237107
42.86000000000004,0.8160369034128342
42.87000000000004,0.6339448851641337
42.88000000000004,0.3968565773535453
42.89000000000004,0.13499912774100636
42.90000000000004,-0.13950024777754508
42.91000000000004,-0.424090252302643
42.920000000000044,-0.6636132900860112
42.93000000000004,-0.8620713528960154
42.94000000000004,-0.9914740121276074
42.95000000000004,-1.0389246354289723
42.96000000000004,-1.0065475501278038
42.97000000000004,-0.8963628134016521
42.98000000000004,-0.7530452668236169
42.990000000000045,-0.5479278742831618
43.00000000000004,-0.2240526888488272
43.01000000000004,0.08620586702605008
43.02000000000004,0.2836971646014229
43.030000000000044,0.3697613755918949
43.04000000000004,0.43136303790776365
43.05000000000004,0.3736327045041195
43.060000000000045,0.37689338507915376
43.07000000000004,0.41000575909445647
43.08000000000004,0.44458469741305945
43.09000000000004,0.4333133289645596
43.100000000000044,0.39625188624861274
43.11000000000004,0.3567946702575905
43.12000000000004,0.322298456998543
43.13000000000004,0.26137084487443457
43.14000000000004,0.09924907288640647
43.15000000000004,-0.14055874687332665
43.16000000000004,-0.3881463277334801
43.170000000000044,-0.6441538195760248
43.18000000000004,-0.9519744013314471
43.19000000000004,-1.2690041843493256
43.20000000000004,-1.4483359271321443
43.21000000000004,-1.464225367479969
43.22000000000004,-1.3393293343824657
43.23000000000004,-1.134890619596894
43.240000000000045,-0.7898244982847998
43.25000000000004,-0.37150807164806865
43.26000000000004,0.09891920269124149
43.27000000000004,0.5963200146554327
43.280000000000044,1.0925820931786212
43.29000000000004,1.4993288684221342
43.30000000000004,1.7819189636317152
43.310000000000045,1.9245993658251412
43.32000000000004,1.9927937794818904
43.33000000000004,1.9754530113437643
43.34000000000004,1.8674927753641588
43.350000000000044,1.6438527729518142
43.36000000000004,1.351997336782064
43.37000000000004,1.0748217351914202
43.38000000000004,0.7995431574469999
43.39000000000004,0.5241637158726763
43.40000000000004,0.3249156269563576
43.41000000000004,0.22876434738806625
43.420000000000044,0.17211775019755574
43.43000000000004,0.12738985979736187
43.44000000000004,0.0679748200418924
43.45000000000004,-0.008079086602498434
43.46000000000004,-0.08580284685137327
43.47000000000004,-0.15126551607752609
43.48000000000004,-0.21859570638617465
43.490000000000045,-0.32874596603608697
43.50000000000004,-0.42819086883081553
43.51000000000004,-0.5969682994213973
43.52000000000004,-0.7969835988439121
43.530000000000044,-0.9711551616257549
43.54000000000004,-1.1067173905072383
43.55000000000004,-1.1488810588933862
43.560000000000045,-1.0942320990048444
43.57000000000004,-0.9763412769464183
43.58000000000004,-0.843634315155517
43.59000000000004,-0.6811606156279
43.600000000000044,-0.5217019831449853
43.61000000000004,-0.3358796571132135
43.62000000000004,-0.1626962815357466
43.630000000000045,-0.018723337773155584
43.64000000000004,0.08664585086050391
43.65000000000004,0.14143557113986882
43.66000000000004,0.14251902415237833
43.670000000000044,0.15729155187747998
43.68000000000004,0.24145480248815232
43.69000000000004,0.305066062334811
43.700000000000045,0.3615952562638586
43.71000000000004,0.3583729441354379
43.72000000000004,0.3311509813914333
43.73000000000004,0.2568537136037291
43.740000000000045,0.16003049884423468
43.75000000000004,0.06460128966442555
43.76000000000004,0.011259582204633115
43.77000000000004,-0.04338128130747615
43.780000000000044,-0.08857112454160691
43.79000000000004,-0.11474622888349671
43.80000000000004,-0.0901394970076069
43.810000000000045,0.0236748440607816
43.82000000000004,0.16046521289585514
43.83000000000004,0.32338538692921565
43.84000000000004,0.4664251996044975
43.850000000000044,0.5765208890144363
43.86000000000004,0.5664759092431574
43.87000000000004,0.47434074025438133
43.880000000000045,0.3973784773017226
43.89000000000004,0.4055104202738384
43.90000000000004,0.4413619532521333
43.91000000000004,0.45178150607145673
43.920000000000044,0.4950147266142542
43.93000000000004,0.5218349558636939
43.94000000000004,0.5216348445801818
43.950000000000045,0.5057048610882086
43.96000000000004,0.5155152876965579
43.97000000000004,0.4467407389072962
43.98000000000004,0.29246378068542384
43.990000000000045,0.00030610609676588675
44.00000000000004,-0.32635783850482825
44.01000000000004,-0.5585950070862006
44.02000000000004,-0.7638713875852978
44.030000000000044,-0.9058077633876208
44.04000000000004,-0.9800958202555136
44.05000000000004,-0.974048227568001
44.060000000000045,-0.8995404187304455
44.07000000000004,-0.8338394992470135
44.08000000000004,-0.7491713756304722
44.09000000000004,-0.5771031693103387
44.100000000000044,-0.46393817140677157
44.11000000000004,-0.4176110059662431
44.12000000000004,-0.2708362983002356
44.130000000000045,-0.10361138581686752
44.14000000000004,0.054424866653733
44.15000000000004,0.18556588464647406
44.16000000000004,0.3182132643549917
44.170000000000044,0.5186048012917809
44.18000000000004,0.7968947441767785
44.19000000000004,0.9545292567211573
44.200000000000045,0.96075472858009
44.21000000000004,0.9081394420927272
44.22000000000004,0.7782367776691809
44.23000000000004,0.6162624846420087
44.240000000000045,0.3942974224906161
44.25000000000004,0.10014965759351126
44.26000000000004,-0.20453775757582598
44.270000000000046,-0.5250076972846035
44.280000000000044,-0.8019817056109706
44.29000000000004,-0.8211233777336416
44.30000000000004,-0.6865688643764347
44.310000000000045,-0.5908374482169246
44.32000000000004,-0.37097675183333145
44.33000000000004,-0.04568089633285178
44.340000000000046,0.43444519014290967
44.350000000000044,0.9541337821017266
44.36000000000004,1.3532223803642178
44.37000000000004,1.5648339698752893
44.380000000000045,1.6233292614584172
44.39000000000004,1.500320385503425
44.40000000000004,1.2234756483378837
44.41000000000004,0.9397047280324334
44.420000000000044,0.5772889100426238
44.43000000000004,0.2739724938629498
44.44000000000004,-0.031842741182793365
44.450000000000045,-0.2929141669071136
44.46000000000004,-0.5041101674638194
44.47000000000004,-0.6687556486010798
44.48000000000004,-0.8540465233204354
44.490000000000045,-0.9207694788480496
44.50000000000004,-0.8269229903045758
44.51000000000004,-0.7778557324619241
44.520000000000046,-0.7394548209413782
44.530000000000044,-0.7656237524912151
44.54000000000004,-0.6814826091591495
44.55000000000004,-0.4853677650421279
44.560000000000045,-0.2111787952546293
44.57000000000004,0.18160057664548881
44.58000000000004,0.513387756543737
44.590000000000046,0.8164087122720418
44.600000000000044,1.0380869475417709
44.61000000000004,1.1302380363402682
44.62000000000004,1.0936222652376026
44.630000000000045,0.9830933742431176
44.64000000000004,0.7716951831241872
44.65000000000004,0.45507932544893753
44.66000000000004,0.13319868336089644
44.670000000000044,-0.1415834635034833
44.68000000000004,-0.3111126802978629
44.69000000000004,-0.3986762362414793
44.700000000000045,-0.4822408865145707
44.71000000000004,-0.5493358422913627
44.72000000000004,-0.5208452140436651
44.73000000000004,-0.5274019368090278
44.740000000000045,-0.4898327695442947
44.75000000000004,-0.46183496498106863
44.76000000000004,-0.5693763728546034
44.770000000000046,-0.5212146382490962
44.780000000000044,-0.4402815937508296
44.79000000000004,-0.3262100561608782
44.80000000000004,-0.25464887020346383
44.810000000000045,-0.18991088021254532
44.82000000000004,-0.13595574386430473
44.83000000000004,-0.0410670341560021
44.840000000000046,0.11291344716776967
44.850000000000044,0.2944042299371817
44.86000000000004,0.3396437404824439
44.87000000000004,0.29913303320763235
44.880000000000045,0.21091981542460603
44.89000000000004,0.163007461626728
44.90000000000004,0.009546366539546361
44.910000000000046,-0.21406879553826752
44.920000000000044,-0.29290725662345735
44.93000000000004,-0.384969009457786
44.94000000000004,-0.4119935630270183
44.950000000000045,-0.4259257461473771
44.96000000000004,-0.44168775521060955
44.97000000000004,-0.4188356310991464
44.98000000000005,-0.3046801297605837
44.990000000000045,-0.014508910248434849
45.00000000000004,0.2538307843934575
45.01000000000004,0.6646962798904307
45.020000000000046,1.1202386346811095
45.030000000000044,1.5022925291346856
45.04000000000004,1.6795027083343383
45.05000000000004,1.783371777372359
45.060000000000045,1.7083949258257878
45.07000000000004,1.5817812566880924
45.08000000000004,1.2900964107400275
45.090000000000046,1.010060174677789
45.100000000000044,0.7452562093300503
45.11000000000004,0.45767893595283055
45.12000000000004,0.3231233126576657
45.130000000000045,0.20471335843969396
45.14000000000004,0.22770656963279265
45.15000000000004,0.1973061413686907
45.160000000000046,0.22529437677541142
45.170000000000044,0.18887059437244605
45.18000000000004,0.1997636038264391
45.19000000000004,0.1492326655844839
45.200000000000045,-0.051681735182775274
45.21000000000004,-0.38649384771955336
45.22000000000004,-0.6764265864555262
45.23000000000005,-0.9030843893387658
45.240000000000045,-1.0637713174254353
45.25000000000004,-1.0329204943578154
45.26000000000004,-0.9853168277459962
45.270000000000046,-0.8377606990007713
45.280000000000044,-0.8369042514025058
45.29000000000004,-0.8300213660029349
45.30000000000004,-0.7485893047538839
45.310000000000045,-0.6133029490137837
45.32000000000004,-0.5172391370751748
45.33000000000004,-0.5827713248289856
45.340000000000046,-0.5436987573926907
45.350000000000044,-0.48772063316524966
45.36000000000004,-0.32369861121825083
45.37000000000004,-0.16363752247677774
45.380000000000045,0.16611427150436137
45.39000000000004,0.48563818834082834
45.40000000000004,0.7663408579323173
45.410000000000046,0.8110044213165692
45.420000000000044,0.8733977158987303
45.43000000000004,0.7456999730690143
45.44000000000004,0.5956507119956989
45.450000000000045,0.37818167675484143
45.46000000000004,0.14174681651327586
45.47000000000004,-0.03332273506103431
45.48000000000005,-0.30969936926638014
45.490000000000045,-0.7745202026466552
45.50000000000004,-1.1128047041144822
45.51000000000004,-1.135221593270925
45.520000000000046,-1.0629665328143456
45.530000000000044,-0.8871680094624975
45.54000000000004,-0.7208205517538198
45.55000000000005,-0.6723230676505576
45.560000000000045,-0.7740377739749151
45.57000000000004,-0.9424587685401967
45.58000000000004,-1.0550148660952166
45.590000000000046,-1.158746408488436
45.600000000000044,-1.2635281226629946
45.61000000000004,-1.430310655486542
45.62000000000005,-1.3880658973021793
45.630000000000045,-1.3140594922555626
45.64000000000004,-1.0593326903002878
45.65000000000004,-0.7020723604722985
45.660000000000046,-0.2757547217950194
45.670000000000044,0.2685296769197933
45.68000000000004,0.8668684965526433
45.69000000000004,1.3232677597457398
45.700000000000045,1.6385421394189235
45.71000000000004,1.8637777637035564
45.72000000000004,1.8904574733628918
45.73000000000005,1.8616581430881518
45.740000000000045,1.7818032625212927
45.75000000000004,1.6496907118237072
45.76000000000004,1.3890441624351355
45.770000000000046,1.182948682229814
45.780000000000044,1.017062987483677
45.79000000000004,0.8588271959543372
45.80000000000005,0.5592374573405157
45.810000000000045,0.10713495534201051
45.82000000000004,-0.3737913386367302
45.83000000000004,-0.8571411309004127
45.840000000000046,-1.3094069431743982
45.850000000000044,-1.6033848217499234
45.86000000000004,-1.709177747806397
45.87000000000005,-1.6155740446424722
45.880000000000045,-1.3527406518957832
45.89000000000004,-0.9606946986667628
45.90000000000004,-0.4802553350634266
45.910000000000046,0.12509236061707257
45.920000000000044,0.5824399158015952
45.93000000000004,0.8386490934239285
45.94000000000004,0.8465143664116175
45.950000000000045,0.7418791605938987
45.96000000000004,0.4137843568839194
45.97000000000004,0.05272375157540012
45.98000000000005,-0.17464807368127766
45.990000000000045,-0.3571112019509541
46.00000000000004,-0.45890178107720975
46.01000000000004,-0.5239248072944171
46.020000000000046,-0.4341062342152746
46.030000000000044,-0.19794045051767856
46.04000000000004,0.05328996325386357
46.05000000000005,0.3139741857851681
46.060000000000045,0.6217556696842568
46.07000000000004,0.8443253469276678
46.08000000000004,0.9467713676518047
46.090000000000046,0.9935648452840574
46.100000000000044,0.9495506014500895
46.11000000000004,0.9672265217270688
46.12000000000005,1.0056808038566774
46.130000000000045,1.005358136772471
46.14000000000004,0.8887677369257517
46.15000000000004,0.7144116582816578
46.160000000000046,0.40103133854458284
46.170000000000044,-0.03388011719174982
46.18000000000004,-0.4455037276151785
46.19000000000005,-0.818954351831863
46.200000000000045,-1.101313001341728
46.21000000000004,-1.313356830706056
46.22000000000004,-1.4425181386835217
46.23000000000005,-1.3948072853310192
46.240000000000045,-1.2486444074971532
46.25000000000004,-1.0305175438126268
46.26000000000005,-0.6988717388901199
46.270000000000046,-0.2742716892261759
46.280000000000044,0.0490760445337558
46.29000000000004,0.23563133235836323
46.30000000000005,0.30057900790444075
46.310000000000045,0.2028842588745019
46.32000000000004,0.04503972719162127
46.33000000000004,-0.1135583300644974
46.340000000000046,-0.22771111282947423
46.350000000000044,-0.2703987502895477
46.36000000000004,-0.28550888955406334
46.37000000000005,-0.24042081459565293
46.380000000000045,-0.17553961190759423
46.39000000000004,-0.033148789237337516
46.40000000000004,0.1016026440384608
46.410000000000046,0.22323678068458677
46.420000000000044,0.3610660471067396
46.43000000000004,0.4738658174575363
46.44000000000005,0.5049717667640831
46.450000000000045,0.40996983957956323
46.46000000000004,0.26626426313486246
46.47000000000004,0.15700299891814418
46.48000000000005,0.09476657356282173
46.490000000000045,0.0891789603804944
46.50000000000004,0.13063383990959904
46.51000000000005,0.17344099377428965
46.520000000000046,0.1984863462133147
46.530000000000044,0.17856064887762024
46.54000000000004,0.05379985386884911
46.55000000000005,-0.13004348833315899
46.560000000000045,-0.3968546491954965
46.57000000000004,-0.6655957299220797
46.58000000000004,-0.9119003417774652
46.590000000000046,-1.091699991291551
46.600000000000044,-1.1677967504925104
46.61000000000004,-1.090831121934652
46.62000000000005,-0.8698233782094215
46.630000000000045,-0.6047501090242126
46.64000000000004,-0.331656460677008
46.65000000000004,-0.1151552712226369
46.660000000000046,0.07847572499119834
46.670000000000044,0.2707164557361884
46.68000000000004,0.4191505178422314
46.69000000000005,0.5977389987703222
46.700000000000045,0.6788778463970644
46.71000000000004,0.6057509369649673
46.72000000000004,0.5226769780792518
46.73000000000005,0.49945674939904516
46.740000000000045,0.5670334064877264
46.75000000000004,0.6661452557430365
46.76000000000005,0.7332140446721526
46.770000000000046,0.7178451466032736
46.780000000000044,0.6472242894613706
46.79000000000004,0.49687524185380144
46.80000000000005,0.2571434996488769
46.810000000000045,0.014800690141311261
46.82000000000004,-0.19025739594776667
46.83000000000005,-0.360996514000631
46.840000000000046,-0.5038729676959118
46.850000000000044,-0.7001080302322946
46.86000000000004,-0.948938650856912
46.87000000000005,-1.1793006288153762
46.880000000000045,-1.3647528323383384
46.89000000000004,-1.3670039412743222
46.90000000000005,-1.2835328423144428
46.910000000000046,-1.1155197293525851
46.920000000000044,-0.9176786944220545
46.93000000000004,-0.6380383778356317
46.94000000000005,-0.3043094428121376
46.950000000000045,0.05655375912712458
46.96000000000004,0.4618288837552967
46.97000000000004,0.7881987359422832
46.98000000000005,1.051848271454647
46.990000000000045,1.2792736392864046
47.00000000000004,1.4654937232495675
47.01000000000005,1.5552572544316765
47.020000000000046,1.5540997252438746
47.030000000000044,1.4556312664403162
47.04000000000004,1.3574577522571598
47.05000000000005,1.2391945476891986
47.060000000000045,1.0470871636950656
47.07000000000004,0.8322391583767355
47.08000000000005,0.5867107949887646
47.090000000000046,0.3664662441221737
47.100000000000044,0.10893244850848413
47.11000000000004,-0.15164608715639852
47.12000000000005,-0.4131773082566962
47.130000000000045,-0.6804938018903793
47.14000000000004,-0.8647040504774186
47.15000000000005,-0.986082082044634
47.160000000000046,-0.9778808430077421
47.170000000000044,-0.9221221801602278
47.18000000000004,-0.8707388044854367
47.19000000000005,-0.7761325924766782
47.200000000000045,-0.6763217881105711
47.21000000000004,-0.6028408211992663
47.22000000000004,-0.5923710749100902
47.23000000000005,-0.5800163691633807
47.240000000000045,-0.5703358310394597
47.25000000000004,-0.5063717630501213
47.26000000000005,-0.39930711797328744
47.270000000000046,-0.22929848590695034
47.280000000000044,0.0004488822015190166
47.29000000000004,0.2328288488821272
47.30000000000005,0.44187923735429147
47.310000000000045,0.6389869953564784
47.32000000000004,0.8439727012428522
47.33000000000005,0.9187118683816032
47.340000000000046,0.9125602524804869
47.350000000000044,0.7895614481497174
47.36000000000004,0.5912243167956216
47.37000000000005,0.3518287279904672
47.380000000000045,0.15955506716171516
47.39000000000004,-4.369303696274742e-05
47.40000000000005,-0.08838727225182492
47.410000000000046,-0.09461687683445558
47.420000000000044,-0.07066933535313602
47.43000000000004,0.004794945527675089
47.44000000000005,0.04776474654004716
47.450000000000045,0.04169620509118438
47.46000000000004,0.06132048397315037
47.47000000000005,0.06923629172553368
47.48000000000005,0.0842513349281991
47.490000000000045,0.08015556163711754
47.50000000000004,0.05205890536366527
47.51000000000005,-0.003837381522852438
47.520000000000046,-0.06510009153605192
47.530000000000044,-0.15113421989140285
47.54000000000005,-0.2088619329063671
47.55000000000005,-0.22702551736532828
47.560000000000045,-0.20706245720802086
47.57000000000004,-0.1348444573723153
47.58000000000005,0.052896014888209816
47.590000000000046,0.25307516870080266
47.600000000000044,0.42237749118631607
47.61000000000004,0.5372275300543364
47.62000000000005,0.5717209405268832
47.630000000000045,0.5721141122201453
47.64000000000004,0.5360171847315273
47.65000000000005,0.3997970971465182
47.660000000000046,0.19294137347868662
47.670000000000044,-0.08304174702627354
47.68000000000004,-0.3846827434343154
47.69000000000005,-0.6876954403346258
47.700000000000045,-0.9878911536344545
47.71000000000004,-1.2335248802724084
47.72000000000005,-1.4058227189622
47.73000000000005,-1.4977738712558055
47.740000000000045,-1.513365505396178
47.75000000000004,-1.4419235853727326
47.76000000000005,-1.2991289228442255
47.770000000000046,-1.10628599202689
47.780000000000044,-0.8644238453980368
47.79000000000005,-0.6180997779744063
47.80000000000005,-0.3350443835823018
47.810000000000045,-0.04395267756851304
47.82000000000004,0.21627117901192813
47.83000000000005,0.42680562372067876
47.840000000000046,0.5819370992982376
47.850000000000044,0.7075266755809944
47.86000000000004,0.7995066620557125
47.87000000000005,0.8750022691104591
47.880000000000045,0.9633874266976344
47.89000000000004,1.0437846862984939
47.90000000000005,1.0762950068115844
47.910000000000046,1.0503051711789073
47.920000000000044,0.9604896845474163
47.93000000000004,0.8184064443895127
47.94000000000005,0.6535401922467046
47.950000000000045,0.4890896262690449
47.96000000000004,0.3207104111386569
47.97000000000005,0.1545944876301963
47.98000000000005,0.013743474000735618
47.990000000000045,-0.10845418933466128
48.00000000000004,-0.2066324885521835
48.01000000000005,-0.2981409111904585
48.020000000000046,-0.3380848765232236
48.030000000000044,-0.31787159253650393
48.04000000000005,-0.2970005620518709
48.05000000000005,-0.28112252036697255
48.060000000000045,-0.2808673232024119
48.07000000000004,-0.2773401960408233
48.08000000000005,-0.2680338534592409
48.090000000000046,-0.2620162123666548
48.100000000000044,-0.23070757836296163
48.11000000000005,-0.17897750536751622
48.12000000000005,-0.11418205652000453
48.130000000000045,-0.05045332869566047
48.14000000000004,0.02565110198439093
48.15000000000005,0.10780419548933755
48.160000000000046,0.1809139663621605
48.170000000000044,0.21682233813728158
48.18000000000005,0.22064330406070798
48.19000000000005,0.20851986215194385
48.200000000000045,0.17825577839414786
48.21000000000004,0.13363328771875563
48.22000000000005,0.08638891262043022
48.23000000000005,0.029130710990611573
48.240000000000045,-0.03841223003575579
48.25000000000004,-0.10905205338431007
48.26000000000005,-0.1490252935867106
48.270000000000046,-0.15586591095872712
48.280000000000044,-0.11905601756054161
48.29000000000005,-0.0779402845579385
48.30000000000005,0.0056210582784191505
48.310000000000045,0.08948409313002455
48.32000000000004,0.186738182988221
48.33000000000005,0.2903702138389594
48.340000000000046,0.4185000675876843
48.350000000000044,0.5435648096914385
48.36000000000005,0.6610975967286699
48.37000000000005,0.7563750548893674
48.380000000000045,0.7801415316179257
48.39000000000004,0.7278538386952228
48.40000000000005,0.6063942820911173
48.410000000000046,0.4648215080116627
48.420000000000044,0.3284700150131417
48.43000000000005,0.19415258907216337
48.44000000000005,0.07068554807546744
48.450000000000045,-0.05224746926023083
48.46000000000004,-0.16234514140695017
48.47000000000005,-0.26270319681694415
48.48000000000005,-0.34259208114687834
48.490000000000045,-0.410305642959889
48.50000000000004,-0.44034475187894623
48.51000000000005,-0.45662276609588154
48.520000000000046,-0.48163702861748475
48.530000000000044,-0.5225837752171212
48.54000000000005,-0.5701723177268959
48.55000000000005,-0.6324059717427193
48.560000000000045,-0.7170026276373761
48.57000000000004,-0.7888504046459188
48.58000000000005,-0.8139057345678394
48.590000000000046,-0.806083295614109
48.600000000000044,-0.7735929471386029
48.61000000000005,-0.7169068693519307
48.62000000000005,-0.6191700389284401
48.630000000000045,-0.4349641867607837
48.64000000000004,-0.18697515672039433
48.65000000000005,0.08051863586037693
48.660000000000046,0.35321848465997324
48.670000000000044,0.6078211513092783
48.68000000000005,0.7843191160209377
48.69000000000005,0.8399164011671192
48.700000000000045,0.7989311551273586
48.71000000000004,0.6806788256120084
48.72000000000005,0.5081792114725479
48.73000000000005,0.2726397465234246
48.740000000000045,-0.02215144897435783
48.75000000000005,-0.3494077473387218
48.76000000000005,-0.6858820143658333
48.770000000000046,-0.9696936938545747
48.780000000000044,-1.1061338406347019
48.79000000000005,-1.0794342508503156
48.80000000000005,-0.950113150281696
48.810000000000045,-0.82317576660305
48.82000000000005,-0.7468977906388122
48.83000000000005,-0.6684627521558115
48.840000000000046,-0.561535031663043
48.850000000000044,-0.4063832223049469
48.86000000000005,-0.17112535084293784
48.87000000000005,0.11879261750045655
48.880000000000045,0.4315629405399353
48.89000000000004,0.7307627315731756
48.90000000000005,0.9734646563180998
48.910000000000046,1.1892214561855992
48.920000000000044,1.3667112238080963
48.93000000000005,1.499212653972809
48.94000000000005,1.5133452264326708
48.950000000000045,1.407182369838299
48.96000000000004,1.151836556727279
48.97000000000005,0.7273376886193985
48.98000000000005,0.19283454035035447
48.990000000000045,-0.3432314902509496
49.00000000000005,-0.7847249573622707
49.01000000000005,-1.1423146006024267
49.020000000000046,-1.3831959232196942
49.030000000000044,-1.5020973788998093
49.04000000000005,-1.4894869803947053
49.05000000000005,-1.4225278255338079
49.060000000000045,-1.315299118737346
49.07000000000005,-1.2237919432449422
49.08000000000005,-1.0751446383627024
49.090000000000046,-0.867168176343123
49.100000000000044,-0.6725545938603703
49.11000000000005,-0.4924954987464747
49.12000000000005,-0.28407568349152496
49.130000000000045,-0.05962588730815061
49.14000000000004,0.1698072736446773
49.15000000000005,0.38505130749724836
49.160000000000046,0.5989172471718557
49.170000000000044,0.8573123109343694
49.18000000000005,1.085162586634378
49.19000000000005,1.2410904583797309
49.200000000000045,1.2835659955639702
49.21000000000004,1.1764300450750813
49.22000000000005,0.9671350353143637
49.23000000000005,0.6690010859601203
49.240000000000045,0.3455776628944167
49.25000000000005,0.040547982017688264
49.26000000000005,-0.24597750634955665
49.270000000000046,-0.5938116986602371
49.280000000000044,-0.9197773428502444
49.29000000000005,-1.1308287447522356
49.30000000000005,-1.2138247166073988
49.310000000000045,-1.2016158639907477
49.32000000000005,-1.1140610428224182
49.33000000000005,-0.9085035448983313
49.340000000000046,-0.5008296971752143
49.350000000000044,-0.030440096481022628
49.36000000000005,0.3912556487230931
49.37000000000005,0.6814188809693416
49.380000000000045,0.8589656115611718
49.39000000000005,0.9680137932238746
49.40000000000005,0.9959129592563277
49.410000000000046,0.921670892064799
49.420000000000044,0.8132928776226797
49.43000000000005,0.6661270997770096
49.44000000000005,0.445080519132743
49.450000000000045,0.19680787489034363
49.46000000000005,-0.07118235646384496
49.47000000000005,-0.31871401782978914
49.48000000000005,-0.4939024012687135
49.490000000000045,-0.5270215012800927
49.50000000000005,-0.4989967742992874
49.51000000000005,-0.45389116232735494
49.520000000000046,-0.5019411777556094
49.530000000000044,-0.5629385743940302
49.54000000000005,-0.4837024240941154
49.55000000000005,-0.2716254037926143
49.560000000000045,0.12101628931555795
49.57000000000005,0.5379237506579484
49.58000000000005,0.8656788315967525
49.590000000000046,1.0635060094983817
49.600000000000044,1.1299006974198698
49.61000000000005,1.0906568899083113
49.62000000000005,0.9372752625190267
49.630000000000045,0.6785478413260935
49.64000000000005,0.36468580076341056
49.65000000000005,0.044271358785949684
49.660000000000046,-0.29150447234494853
49.670000000000044,-0.6601441719024996
49.68000000000005,-0.9353456235101908
49.69000000000005,-1.0656730214238124
49.700000000000045,-1.0664935812536511
49.71000000000005,-1.0572866874805953
49.72000000000005,-1.0383994460575272
49.73000000000005,-1.026415997004265
49.740000000000045,-1.0159031235569966
49.75000000000005,-1.078669642022066
49.76000000000005,-1.1322625026688917
49.770000000000046,-1.0960210415851783
49.780000000000044,-1.0080661910374147
49.79000000000005,-0.8294062701389064
49.80000000000005,-0.5910269034760363
49.810000000000045,-0.16373194518479603
49.82000000000005,0.32332998129217
49.83000000000005,0.839122322847083
49.840000000000046,1.3240610515126368
49.850000000000044,1.7676137394917306
49.86000000000005,2.1079252094835375
49.87000000000005,2.1202264477789483
49.880000000000045,1.8490532537537183
49.89000000000005,1.3938342117256544
49.90000000000005,0.9290851621922865
49.910000000000046,0.4621692370729205
49.920000000000044,0.04791911191548009
49.93000000000005,-0.24751324268203465
49.94000000000005,-0.36715816764767767
49.950000000000045,-0.38780564469447243
49.96000000000005,-0.29175316689194813
49.97000000000005,-0.10324363503084334
49.98000000000005,0.09088421337359835
49.990000000000045,0.20306650455270459
50.00000000000005,0.20260123828584203
50.01000000000005,0.1683892958520003
50.020000000000046,0.09820108543590397
50.03000000000005,-0.043244571386820856
50.04000000000005,-0.3121349253911412
50.05000000000005,-0.6000493464243369
50.060000000000045,-0.7231310839765392
50.07000000000005,-0.7271459358700202
50.08000000000005,-0.6703589706029675
50.090000000000046,-0.5718325650862881
50.10000000000005,-0.4460019153151396
50.11000000000005,-0.2657503512050511
50.12000000000005,-0.03365821886701608
50.130000000000045,0.18832319114876528
50.14000000000005,0.404872223153773
50.15000000000005,0.5545294748731089
50.160000000000046,0.6935020085988007
50.170000000000044,0.8380955881990113
50.18000000000005,0.9866801659518488
50.19000000000005,1.0446721208896999
50.200000000000045,0.9681121902613218
50.21000000000005,0.6927992202716179
50.22000000000005,0.38490551818696916
50.23000000000005,0.06248849551733001
50.240000000000045,-0.2343463072488904
50.25000000000005,-0.49685148621375413
50.26000000000005,-0.6750939420907538
50.270000000000046,-0.7539109632513887
50.28000000000005,-0.7822550196095532
50.29000000000005,-0.7761686427056859
50.30000000000005,-0.7187795073142437
50.310000000000045,-0.6081010326193481
50.32000000000005,-0.45174033065502184
50.33000000000005,-0.25262705966792054
50.340000000000046,-0.02146171595016296
50.35000000000005,0.2161251796797737
50.36000000000005,0.43314602989107803
50.37000000000005,0.5668559296934232
50.380000000000045,0.6339265067504469
50.39000000000005,0.6612873658416845
50.40000000000005,0.6566032523444956
50.410000000000046,0.5234288007279403
50.420000000000044,0.34579857262870584
50.43000000000005,0.11394992708651029
50.44000000000005,-0.16247804491960502
50.450000000000045,-0.422954506929336
50.46000000000005,-0.641653113232953
50.47000000000005,-0.7729715874481133
50.48000000000005,-0.8466841096930864
50.490000000000045,-0.8485837451722075
50.50000000000005,-0.7937085762220872
50.51000000000005,-0.6415734615922494
50.520000000000046,-0.4408187290296839
50.53000000000005,-0.18500742919933985
50.54000000000005,0.032615001447099834
50.55000000000005,0.20321175517642856
50.560000000000045,0.34026449899632755
50.57000000000005,0.42248542976049824
50.58000000000005,0.4615502146215928
50.590000000000046,0.5093708895178602
50.60000000000005,0.5201418583972777
50.61000000000005,0.4468100776175931
50.62000000000005,0.2976513360423552
50.630000000000045,0.1554518010682533
50.64000000000005,0.010062591305295462
50.65000000000005,-0.08837625764651572
50.660000000000046,-0.08923363196029535
50.67000000000005,0.005803156992271778
50.68000000000005,0.1466472434298526
50.69000000000005,0.29728038094385906
50.700000000000045,0.43423620983283023
50.71000000000005,0.5414972074778606
50.72000000000005,0.61402697541072
50.73000000000005,0.6176861564956401
50.74000000000005,0.5029266910385463
50.75000000000005,0.2669997265927871
50.76000000000005,-0.07042793476131982
50.770000000000046,-0.44900172655147896
50.78000000000005,-0.8128364586153787
50.79000000000005,-1.0496248779592416
50.80000000000005,-1.126052195749542
50.810000000000045,-1.0420253416148093
50.82000000000005,-0.906744738829626
50.83000000000005,-0.6897469397618966
50.840000000000046,-0.34887896981258604
50.85000000000005,0.07524168143532878
50.86000000000005,0.5175647526811255
50.87000000000005,0.9102884994050614
50.880000000000045,1.2011686848864995
50.89000000000005,1.3443307612337998
50.90000000000005,1.277820966075263
50.910000000000046,1.034883215592438
50.92000000000005,0.7404415892460143
50.93000000000005,0.4261050519906884
50.94000000000005,0.10636602852949559
50.950000000000045,-0.16855532478339022
50.96000000000005,-0.41493787892464346
50.97000000000005,-0.5567213584702259
50.98000000000005,-0.6313392256766696
50.99000000000005,-0.6204576651949812
51.00000000000005,-0.5097089819443575
51.01000000000005,-0.2709748699471138
51.020000000000046,0.015346332772449072
51.03000000000005,0.2728775045450898
51.04000000000005,0.47590007536920137
51.05000000000005,0.6437065689219489
51.060000000000045,0.7080480516516154
51.07000000000005,0.6800978690489908
51.08000000000005,0.6000868376283517
51.090000000000046,0.5038590272346961
51.10000000000005,0.3467400285766539
51.11000000000005,0.11102735874224233
51.12000000000005,-0.0750605096179093
51.130000000000045,-0.2505458835786174
51.14000000000005,-0.4162890311847399
51.15000000000005,-0.5350916112869959
51.160000000000046,-0.5852242497687967
51.17000000000005,-0.5258805842154753
51.18000000000005,-0.4256994045888181
51.19000000000005,-0.3139155628321307
51.200000000000045,-0.1832637150914481
51.21000000000005,-0.0727047087158307
51.22000000000005,-0.005005686737468387
51.23000000000005,0.002384804502541559
51.24000000000005,-0.03566721953603125
51.25000000000005,-0.08970359658272052
51.26000000000005,-0.14837392993687834
51.270000000000046,-0.27276506774018
51.28000000000005,-0.35174687863756654
51.29000000000005,-0.31952615156796643
51.30000000000005,-0.20889191363149415
51.31000000000005,-0.06875325983115221
51.32000000000005,0.1652206680992673
51.33000000000005,0.36712731535889603
51.340000000000046,0.5881623257103317
51.35000000000005,0.7330306011623242
51.36000000000005,0.8431822292719637
51.37000000000005,0.8831560330900553
51.38000000000005,0.8360289217399951
51.39000000000005,0.616717299071743
51.40000000000005,0.29706737289432755
51.410000000000046,-0.07230736479984141
51.42000000000005,-0.4808040488107744
51.43000000000005,-0.8889195813608141
51.44000000000005,-1.2566229099177348
51.450000000000045,-1.4736359087565856
51.46000000000005,-1.5282979687431941
51.47000000000005,-1.4631715471015043
51.48000000000005,-1.2805684691392023
51.49000000000005,-0.9863312241486343
51.50000000000005,-0.5974859975748482
51.51000000000005,-0.14857707209962742
51.520000000000046,0.3571379219081466
51.53000000000005,0.7527985821476255
51.54000000000005,1.0924915669167181
51.55000000000005,1.2539229046211267
51.56000000000005,1.253212138326405
51.57000000000005,1.0995080227764875
51.58000000000005,0.8305599739144307
51.590000000000046,0.49006211741510497
51.60000000000005,0.13979924687694376
51.61000000000005,-0.15854126581592806
51.62000000000005,-0.38169086980114475
51.63000000000005,-0.544647446222375
51.64000000000005,-0.6939664364568943
51.65000000000005,-0.7254056997738552
51.660000000000046,-0.7578137619888768
51.67000000000005,-0.7144554057059506
51.68000000000005,-0.6467906399342812
51.69000000000005,-0.4968302377673967
51.700000000000045,-0.29138321864509314
51.71000000000005,-0.08694953123964687
51.72000000000005,0.06799436029159206
51.73000000000005,0.22998184588159573
51.74000000000005,0.4649049057826425
51.75000000000005,0.7215448320946818
51.76000000000005,0.9607505590995807
51.770000000000046,1.0928617236974663
51.78000000000005,1.108932894504301
51.79000000000005,1.0677915176620612
51.80000000000005,0.9553380840941116
51.81000000000005,0.7838346495407016
51.82000000000005,0.6122035874575542
51.83000000000005,0.3825145484817681
51.840000000000046,0.07434892424110807
51.85000000000005,-0.23903811345464143
51.86000000000005,-0.5241873740413044
51.87000000000005,-0.7331117370646969
51.88000000000005,-0.9632596651658752
51.89000000000005,-1.1370616471951418
51.90000000000005,-1.205936899968399
51.910000000000046,-1.199181807079881
51.92000000000005,-1.1812507779023889
51.93000000000005,-1.083956249559123
51.94000000000005,-0.9060550106799486
51.95000000000005,-0.6720226671060826
51.96000000000005,-0.41012679715021183
51.97000000000005,-0.1948738437386475
51.98000000000005,-0.03375057910246144
51.99000000000005,0.10404664103038447
52.00000000000005,0.23282503281685196
52.01000000000005,0.34537360073408685
52.02000000000005,0.4655849383225975
52.03000000000005,0.558190059349032
52.04000000000005,0.6508822374242355
52.05000000000005,0.7135595271155046
52.06000000000005,0.7798834211754813
52.07000000000005,0.869279632205546
52.08000000000005,0.9247408505202105
52.090000000000046,0.9648487086739098
52.10000000000005,0.9403302437167103
52.11000000000005,0.8136520972860678
52.12000000000005,0.6242461752758193
52.13000000000005,0.4074020326345541
52.14000000000005,0.2027942748992418
52.15000000000005,0.08943446798673944
52.160000000000046,0.06850065680085075
52.17000000000005,0.1492536530637744
52.18000000000005,0.2867546087652869
52.19000000000005,0.41954381124569606
52.20000000000005,0.49590662315054024
52.21000000000005,0.6129301033816673
52.22000000000005,0.7056776571062304
52.23000000000005,0.759602473931985
52.24000000000005,0.7257023319991182
52.25000000000005,0.6445901653540167
52.26000000000005,0.5270245662064809
52.27000000000005,0.392672845790917
52.28000000000005,0.23564971723382566
52.29000000000005,0.10887965578404918
52.30000000000005,-0.0030358475809804265
52.31000000000005,-0.10454997243797756
52.32000000000005,-0.1377279303981844
52.33000000000005,-0.182357706931753
52.340000000000046,-0.2716936687890295
52.35000000000005,-0.42692461870436055
52.36000000000005,-0.563606486915465
52.37000000000005,-0.6597236697202659
52.38000000000005,-0.6963612715554276
52.39000000000005,-0.7166593057791294
52.40000000000005,-0.7379934161309575
52.410000000000046,-0.6937603696563478
52.42000000000005,-0.5971190206715867
52.43000000000005,-0.43481181663439844
52.44000000000005,-0.21519230571579492
52.45000000000005,0.028544828128980567
52.46000000000005,0.23004082762284161
52.47000000000005,0.41989897445192836
52.48000000000005,0.6142640443754152
52.49000000000005,0.7110243627868513
52.50000000000005,0.7289134210241532
52.51000000000005,0.6899360997269991
52.52000000000005,0.6120887848895554
52.53000000000005,0.49592009522986547
52.54000000000005,0.35094079168591313
52.55000000000005,0.1613652742115361
52.56000000000005,0.016264609230069855
52.57000000000005,-0.09143666759835062
52.58000000000005,-0.11905856538607042
52.59000000000005,-0.1016270353832347
52.60000000000005,-0.10413746061407615
52.61000000000005,-0.13326639821159658
52.62000000000005,-0.191481927755345
52.63000000000005,-0.3118171986556781
52.64000000000005,-0.4382602537545522
52.65000000000005,-0.5623995694012536
52.66000000000005,-0.6954030141059557
52.67000000000005,-0.8136230258524619
52.68000000000005,-0.8703093260972251
52.69000000000005,-0.9375653956636021
52.70000000000005,-0.9811942604979492
52.71000000000005,-0.9250127385561325
52.72000000000005,-0.768197390239728
52.73000000000005,-0.5430279544921041
52.74000000000005,-0.2526758641236597
52.75000000000005,0.007150813569181087
52.76000000000005,0.20960024567931085
52.77000000000005,0.3180225184758273
52.78000000000005,0.3740660785707297
52.79000000000005,0.4521705861697421
52.80000000000005,0.47490986498233906
52.81000000000005,0.4191871366816332
52.82000000000005,0.3511683725956172
52.83000000000005,0.28608129941902555
52.84000000000005,0.2634530393575775
52.85000000000005,0.25246682617051647
52.86000000000005,0.26365666183313036
52.87000000000005,0.32844735011548154
52.88000000000005,0.39713259566137393
52.89000000000005,0.4407841264752094
52.90000000000005,0.4199469259543887
52.91000000000005,0.3178835173765071
52.92000000000005,0.15436614894964848
52.93000000000005,-0.0327927462323726
52.94000000000005,-0.14929440957993576
52.95000000000005,-0.22344143934448119
52.96000000000005,-0.2870596490499849
52.97000000000005,-0.37039376119903283
52.98000000000005,-0.4802851880299887
52.99000000000005,-0.500750574568179
53.00000000000005,-0.4698262558712832
53.01000000000005,-0.47227097792988365
53.02000000000005,-0.4914019731694874
53.03000000000005,-0.5745459870726157
53.04000000000005,-0.6644876637539714
53.05000000000005,-0.7949744048943613
53.06000000000005,-0.9629149915879772
53.07000000000005,-1.1000593850545881
53.08000000000005,-1.195763775629463
53.09000000000005,-1.1663737648350536
53.10000000000005,-1.0300543951531589
53.11000000000005,-0.8175434133714002
53.12000000000005,-0.5901427931751951
53.13000000000005,-0.4133019778304747
53.14000000000005,-0.1762900259095891
53.15000000000005,0.020141481955668155
53.16000000000005,0.15159238227627095
53.17000000000005,0.24448726770412976
53.18000000000005,0.21904930430947123
53.19000000000005,0.15539945059162952
53.20000000000005,0.10489101184178637
53.21000000000005,0.08572457164283255
53.22000000000005,0.12169115823401172
53.230000000000054,0.21218597583709842
53.24000000000005,0.32065794354086957
53.25000000000005,0.5039899220270865
53.26000000000005,0.728823763858531
53.27000000000005,0.9463537995771104
53.28000000000005,1.0835565678719965
53.29000000000005,1.2242958301808222
53.300000000000054,1.3067718073241381
53.31000000000005,1.2646134957025925
53.32000000000005,1.116189114275848
53.33000000000005,0.800810608616135
53.34000000000005,0.48287972119947103
53.35000000000005,0.19748443890029665
53.36000000000005,-0.03897414619507633
53.37000000000005,-0.1778673070612773
53.38000000000005,-0.2206658666023864
53.39000000000005,-0.20461766200472617
53.40000000000005,-0.13901150906677393
53.41000000000005,-0.019744730361839737
53.42000000000005,0.15079354154150496
53.43000000000005,0.31903674063577664
53.44000000000005,0.3355245704013601
53.45000000000005,0.29092495757432363
53.46000000000005,0.18171201011131616
53.47000000000005,-0.038389146241613506
53.480000000000054,-0.30858654373710165
53.49000000000005,-0.5712877313722313
53.50000000000005,-0.7418363190517752
53.51000000000005,-0.8505921184366274
53.52000000000005,-0.8157278537344382
53.53000000000005,-0.6984409347223614
53.54000000000005,-0.576487734944893
53.550000000000054,-0.4358078730035067
53.56000000000005,-0.272940013964981
53.57000000000005,-0.08653892333588463
53.58000000000005,0.09403662234537745
53.59000000000005,0.19898020792791102
53.60000000000005,0.24804292131939912
53.61000000000005,0.2820815148236539
53.62000000000005,0.3313050694023649
53.63000000000005,0.2918784791653077
53.64000000000005,0.290231848266476
53.65000000000005,0.20210023542972083
53.66000000000005,0.09510260349278754
53.67000000000005,-0.07644065010181329
53.68000000000005,-0.22492117700968212
53.69000000000005,-0.3381159026986389
53.70000000000005,-0.38648998313349425
53.71000000000005,-0.47518615956897997
53.72000000000005,-0.5324100692379828
53.730000000000054,-0.5311719652898432
53.74000000000005,-0.5321055627938066
53.75000000000005,-0.4943562301965194
53.76000000000005,-0.4274988813274225
53.77000000000005,-0.2892569134225233
53.78000000000005,-0.2691177590281349
53.79000000000005,-0.3063428299326565
53.800000000000054,-0.3282441865701412
53.81000000000005,-0.37844264077359374
53.82000000000005,-0.42975405698684477
53.83000000000005,-0.5556804915620426
53.84000000000005,-0.5187440555709512
53.85000000000005,-0.392104323064824
53.86000000000005,-0.20176688133985107
53.870000000000054,-0.014144560857937942
53.88000000000005,0.28275928686601287
53.89000000000005,0.5834549897329491
53.90000000000005,0.9349521803467707
53.91000000000005,1.28390452983368
53.92000000000005,1.5192051175724348
53.93000000000005,1.6609198700329504
53.940000000000055,1.6014069093056853
53.95000000000005,1.425336146886674
53.96000000000005,1.0917194995446378
53.97000000000005,0.8624014165446772
53.980000000000054,0.6042325519102325
53.99000000000005,0.43930325028637385
54.00000000000005,0.37039497248068926
54.01000000000005,0.187483313027332
54.02000000000005,0.04571398708181687
54.03000000000005,-0.15252518093297734
54.04000000000005,-0.4325976096600085
54.050000000000054,-0.6758383438948774
54.06000000000005,-0.9804759382011102
54.07000000000005,-1.164797663547702
54.08000000000005,-1.4046953654622
54.09000000000005,-1.4051932722167606
54.10000000000005,-1.4364880116828407
54.11000000000005,-1.235288280682343
54.120000000000054,-1.0253609663351733
54.13000000000005,-0.696341539792548
54.14000000000005,-0.6706845669464535
54.15000000000005,-0.42330673268317187
54.16000000000005,-0.14582577804477323
54.17000000000005,0.13176221928604606
54.18000000000005,0.4046687625499384
54.190000000000055,0.48425371675553114
54.20000000000005,0.5136733728357176
54.21000000000005,0.4332067664010883
54.22000000000005,0.37950085297217057
54.230000000000054,0.28746686189926435
54.24000000000005,0.1542305840633356
54.25000000000005,0.11301866435954738
54.26000000000005,0.01492946441416894
54.27000000000005,-0.10756582001944838
54.28000000000005,-0.1920071639327707
54.29000000000005,-0.23636596478174685
54.300000000000054,-0.3186690692524878
54.31000000000005,-0.28094297650805955
54.32000000000005,-0.17404812708659015
54.33000000000005,0.013752944989481082
54.34000000000005,0.2754388390340769
54.35000000000005,0.3032040805848192
54.36000000000005,0.3384734248341135
54.370000000000054,0.32925919426833256
54.38000000000005,0.4713274660831573
54.39000000000005,0.5188048011340253
54.40000000000005,0.5282138503276864
54.41000000000005,0.43076818185892446
54.42000000000005,0.4206397613139348
54.43000000000005,0.3632406510343467
54.440000000000055,0.18437310354191425
54.45000000000005,0.06841020854319943
54.46000000000005,0.13731149807408063
54.47000000000005,0.13552999011223707
54.480000000000054,0.1926443920969394
54.49000000000005,0.24273855713444423
54.50000000000005,0.11908497008800673
54.510000000000055,0.10643082072907596
54.52000000000005,-0.07058971303085425
54.53000000000005,-0.05643371957316188
54.54000000000005,-0.1161812670826208
54.550000000000054,-0.2269821355563536
54.56000000000005,-0.34289774577405996
54.57000000000005,-0.5586309985238568
54.580000000000055,-0.6871280070524177
54.59000000000005,-0.7406729540536443
54.60000000000005,-0.7162371294070099
54.61000000000005,-0.6742911339243886
54.620000000000054,-0.539001951491851
54.63000000000005,-0.27588556349318294
54.64000000000005,-0.2536890137884395
54.65000000000005,-0.24172527611378736
54.66000000000005,-0.07988390871267508
54.67000000000005,0.045440717441799186
54.68000000000005,0.04538584605128956
54.690000000000055,0.012604935611852445
54.70000000000005,-0.13694962115140003
54.71000000000005,-0.018284701876002247
54.72000000000005,0.02750400696642466
54.730000000000054,-0.06466976362338436
54.74000000000005,-0.025684899072457835
54.75000000000005,-0.007339833524666165
54.760000000000055,0.04277187274213947
54.77000000000005,-0.05932667083543077
54.78000000000005,-0.18207995239143673
54.79000000000005,-0.25030516952002185
54.800000000000054,-0.04054006590585038
54.81000000000005,-0.05304010196852949
54.82000000000005,-0.16553536227950766
54.830000000000055,-0.2531125922833119
54.84000000000005,-0.3126366966211617
54.85000000000005,-0.2864062446030433
54.86000000000005,-0.08094836067676538
54.870000000000054,0.034292805172922415
54.88000000000005,0.09204033484059745
54.89000000000005,0.2012082383858151
54.90000000000005,0.23156810468711933
54.91000000000005,0.2814352935933079
54.92000000000005,0.09892007488422246
54.93000000000005,-0.05458762934903102
54.940000000000055,-0.15999572831031275
